area_key,area_vendor,report_year,report_total_sold,lb_total_sold,total_sold_match,report_days_on_market,lb_days_on_market,days_on_market_match,report_median_sale,lb_median_sale,median_sale_match,report_avg_list,lb_avg_list,avg_list_match,report_avg_sale,lb_avg_sale,avg_sale_match,report_list_ratio,lb_list_ratio,list_ratio_match,area_boundary_id,area_subtype,report_quarter
Cape Cod-Lower Cape-Brewster,ccimls,2018,64.0,48.0,0.75,74.0,80.0,0.9189189189189189,436950.0,473000.0,0.9174962810390205,,610985.0,,534982.0,594039.0,0.8896093700348797,97.0,98.0,0.9896907216494846,5bad813d7aa9ce0001247dc9,SingleFamilyResidence,4
Cape Cod-Lower Cape-Brewster,ccimls,2019,34.0,34.0,1.0,86.0,86.0,1.0,448250.0,448250.0,1.0,,652147.0,,629696.0,629696.0,1.0,97.0,97.0,1.0,5bad813d7aa9ce0001247dc9,SingleFamilyResidence,4
Cape Cod-Lower Cape-Brewster,ccimls,2020,64.0,64.0,1.0,50.0,50.0,1.0,636250.0,636250.0,1.0,,757069.0,,754701.0,754701.0,1.0,100.0,101.0,0.99,5bad813d7aa9ce0001247dc9,SingleFamilyResidence,4
Cape Cod-Lower Cape-Brewster,ccimls,2021,48.0,48.0,1.0,25.0,25.0,1.0,750000.0,750000.0,1.0,,1024102.0,,1016658.0,1016658.0,1.0,99.0,102.0,0.9696969696969697,5bad813d7aa9ce0001247dc9,SingleFamilyResidence,4
Cape Cod-Lower Cape-Chatham,ccimls,2018,62.0,39.0,0.6290322580645161,209.0,105.0,0.5023923444976077,700500.0,760000.0,0.9150606709493219,,909344.0,,1453317.0,877900.0,0.6040664218474014,95.0,97.0,0.9789473684210527,5bad812f18d5ab0001ebf900,SingleFamilyResidence,4
Cape Cod-Lower Cape-Chatham,ccimls,2019,53.0,34.0,0.6415094339622642,192.0,120.0,0.625,727000.0,696450.0,0.9579779917469051,,939662.0,,1024930.0,864618.0,0.8435873669421327,94.0,93.0,0.9893617021276596,5bad812f18d5ab0001ebf900,SingleFamilyResidence,4
Cape Cod-Lower Cape-Chatham,ccimls,2020,94.0,68.0,0.7234042553191489,97.0,115.0,0.8144329896907216,973750.0,770000.0,0.7907573812580231,,1224907.0,,1384231.0,1177583.0,0.8507127784307678,97.0,97.0,1.0,5bad812f18d5ab0001ebf900,SingleFamilyResidence,4
Cape Cod-Lower Cape-Chatham,ccimls,2021,58.0,31.0,0.5344827586206897,31.0,38.0,0.7741935483870968,1325000.0,920000.0,0.6943396226415095,,1167977.0,,2246570.0,1153056.0,0.513251757123081,97.0,101.0,0.9587628865979382,5bad812f18d5ab0001ebf900,SingleFamilyResidence,4
Cape Cod-Lower Cape-Eastham,ccimls,2018,58.0,56.0,0.9655172413793104,98.0,99.0,0.9897959183673469,477500.0,482000.0,0.9905759162303664,,553097.0,,519817.0,530829.0,0.9788156216514659,96.0,97.0,0.9895833333333334,5bad812827456200019325e5,SingleFamilyResidence,4
Cape Cod-Lower Cape-Eastham,ccimls,2019,53.0,53.0,1.0,99.0,101.0,0.9797979797979798,519000.0,519000.0,1.0,,654926.0,,629650.0,629650.0,1.0,96.0,97.0,0.9895833333333334,5bad812827456200019325e5,SingleFamilyResidence,4
Cape Cod-Lower Cape-Eastham,ccimls,2020,54.0,54.0,1.0,63.0,63.0,1.0,588500.0,588500.0,1.0,,666087.0,,661753.0,661753.0,1.0,99.0,100.0,0.98989898989899,5bad812827456200019325e5,SingleFamilyResidence,4
Cape Cod-Lower Cape-Eastham,ccimls,2021,47.0,47.0,1.0,22.0,22.0,1.0,700000.0,700000.0,1.0,,777353.0,,776504.0,776504.0,1.0,100.0,101.0,0.99,5bad812827456200019325e5,SingleFamilyResidence,4
Cape Cod-Lower Cape-Harwich,ccimls,2018,91.0,78.0,0.8571428571428572,78.0,77.0,0.9871794871794872,400000.0,422500.0,0.94375,,642004.0,,560189.0,604893.0,0.9201983616243803,94.0,97.0,0.9680851063829787,5bad813f3878760001a61ba3,SingleFamilyResidence,4
Cape Cod-Lower Cape-Harwich,ccimls,2019,79.0,79.0,1.0,101.0,101.0,1.0,509000.0,509000.0,1.0,,636041.0,,611085.0,611085.0,1.0,96.0,97.0,0.9895833333333334,5bad813f3878760001a61ba3,SingleFamilyResidence,4
Cape Cod-Lower Cape-Harwich,ccimls,2020,111.0,111.0,1.0,38.0,38.0,1.0,540000.0,540000.0,1.0,,758253.0,,751457.0,751457.0,1.0,99.0,100.0,0.98989898989899,5bad813f3878760001a61ba3,SingleFamilyResidence,4
Cape Cod-Lower Cape-Harwich,ccimls,2021,77.0,77.0,1.0,17.0,18.0,0.9411764705882353,685000.0,700000.0,0.9781021897810219,,806157.0,,826294.0,831749.0,0.9933982335585155,103.0,103.0,1.0,5bad813f3878760001a61ba3,SingleFamilyResidence,4
Cape Cod-Lower Cape-Orleans,ccimls,2018,49.0,39.0,0.7959183673469388,92.0,105.0,0.8586956521739131,652000.0,760000.0,0.834355828220859,,909344.0,,769888.0,877900.0,0.8597042686728459,97.0,97.0,1.0,5bad812f18d5ab0001ebf900,SingleFamilyResidence,4
Cape Cod-Lower Cape-Orleans,ccimls,2019,34.0,34.0,1.0,120.0,120.0,1.0,696450.0,696450.0,1.0,,939662.0,,864618.0,864618.0,1.0,92.0,93.0,0.9891304347826086,5bad812f18d5ab0001ebf900,SingleFamilyResidence,4
Cape Cod-Lower Cape-Orleans,ccimls,2020,67.0,68.0,0.9850746268656716,113.0,115.0,0.9823008849557522,775000.0,770000.0,0.9935483870967742,,1224907.0,,1187920.0,1177583.0,0.9912982355714189,96.0,97.0,0.9895833333333334,5bad812f18d5ab0001ebf900,SingleFamilyResidence,4
Cape Cod-Lower Cape-Orleans,ccimls,2021,31.0,31.0,1.0,38.0,38.0,1.0,920000.0,920000.0,1.0,,1167977.0,,1153056.0,1153056.0,1.0,99.0,101.0,0.9797979797979798,5bad812f18d5ab0001ebf900,SingleFamilyResidence,4
Cape Cod-Mid Cape-Barnstable,ccimls,2018,215.0,187.0,0.8697674418604651,96.0,99.0,0.96875,370000.0,390000.0,0.9459459459459459,,614117.0,,536144.0,582125.0,0.9142375928854934,95.0,96.0,0.9894736842105263,5bad81257aa9ce0001247dbf,SingleFamilyResidence,4
Cape Cod-Mid Cape-Barnstable,ccimls,2019,199.0,199.0,1.0,84.0,84.0,1.0,390000.0,390000.0,1.0,,604392.0,,572252.0,572237.0,0.9999737877718208,95.0,97.0,0.9789473684210527,5bad81257aa9ce0001247dbf,SingleFamilyResidence,4
Cape Cod-Mid Cape-Barnstable,ccimls,2020,290.0,289.0,0.996551724137931,63.0,61.0,0.9682539682539683,512500.0,515000.0,0.9951219512195122,,879020.0,,850510.0,852917.0,0.9971699333341172,97.0,99.0,0.979381443298969,5bad81257aa9ce0001247dbf,SingleFamilyResidence,4
Cape Cod-Mid Cape-Barnstable,ccimls,2021,218.0,218.0,1.0,34.0,34.0,1.0,600000.0,600000.0,1.0,,1097729.0,,1060182.0,1055852.0,0.9959157955898138,96.0,99.0,0.96875,5bad81257aa9ce0001247dbf,SingleFamilyResidence,4
Cape Cod-Mid Cape-Dennis,ccimls,2018,114.0,89.0,0.7807017543859649,70.0,73.0,0.9571428571428572,345400.0,370000.0,0.9287782281412855,,500364.0,,402708.0,473014.0,0.8254169274014919,95.0,96.0,0.9894736842105263,5bad81233878760001a61b97,SingleFamilyResidence,4
Cape Cod-Mid Cape-Dennis,ccimls,2019,103.0,106.0,0.970873786407767,62.0,65.0,0.9516129032258065,375000.0,375000.0,1.0,,672929.0,,658141.0,653363.0,0.992740157504243,97.0,96.0,0.9896907216494846,5bad81233878760001a61b97,SingleFamilyResidence,4
Cape Cod-Mid Cape-Dennis,ccimls,2020,120.0,119.0,0.9916666666666667,47.0,48.0,0.9787234042553191,452500.0,457000.0,0.9900552486187846,,615816.0,,604378.0,607692.0,0.9945166766493817,99.0,100.0,0.98989898989899,5bad81233878760001a61b97,SingleFamilyResidence,4
Cape Cod-Mid Cape-Dennis,ccimls,2021,88.0,88.0,1.0,27.0,27.0,1.0,540000.0,540000.0,1.0,,707918.0,,703415.0,703415.0,1.0,99.0,101.0,0.9797979797979798,5bad81233878760001a61b97,SingleFamilyResidence,4
Cape Cod-Mid Cape-Yarmouth,ccimls,2018,167.0,143.0,0.8562874251497006,82.0,82.0,1.0,326900.0,345000.0,0.9446313857448762,,407398.0,,370876.0,393470.0,0.9390793688456519,97.0,97.0,1.0,5bca1b37eb34994b1de83d9c,SingleFamilyResidence,4
Cape Cod-Mid Cape-Yarmouth,ccimls,2019,124.0,125.0,0.9919354838709677,79.0,78.0,0.9873417721518988,358200.0,357400.0,0.9977666108319375,,408880.0,,394737.0,393756.0,0.9975148009940796,97.0,97.0,1.0,5bca1b37eb34994b1de83d9c,SingleFamilyResidence,4
Cape Cod-Mid Cape-Yarmouth,ccimls,2020,173.0,172.0,0.9942196531791907,43.0,43.0,1.0,410000.0,411275.0,0.9968902439024391,,522330.0,,513627.0,514389.0,0.9985164331314359,98.0,100.0,0.9795918367346939,5bca1b37eb34994b1de83d9c,SingleFamilyResidence,4
Cape Cod-Mid Cape-Yarmouth,ccimls,2021,143.0,143.0,1.0,19.0,19.0,1.0,500000.0,500000.0,1.0,,599993.0,,595842.0,595842.0,1.0,99.0,101.0,0.9797979797979798,5bca1b37eb34994b1de83d9c,SingleFamilyResidence,4
Cape Cod-Upper Cape-Bourne,ccimls,2018,46.0,33.0,0.7173913043478262,74.0,86.0,0.8378378378378378,337000.0,365000.0,0.9169139465875371,,561473.0,,468862.0,528902.0,0.8719452632117766,95.0,95.0,1.0,5bad8123a3e03e0001e8c08f,SingleFamilyResidence,4
Cape Cod-Upper Cape-Bourne,ccimls,2019,53.0,52.0,0.9811320754716981,105.0,107.0,0.9809523809523809,417500.0,421250.0,0.9910179640718563,,515710.0,,582679.0,495422.0,0.8502485931361865,114.0,96.0,0.8421052631578947,5bad8123a3e03e0001e8c08f,SingleFamilyResidence,4
Cape Cod-Upper Cape-Bourne,ccimls,2020,67.0,68.0,0.9850746268656716,54.0,63.0,0.8333333333333334,468500.0,473250.0,0.9898612593383138,,691872.0,,650200.0,673726.0,0.9638172869886189,98.0,99.0,0.9897959183673469,5bad8123a3e03e0001e8c08f,SingleFamilyResidence,4
Cape Cod-Upper Cape-Bourne,ccimls,2021,50.0,50.0,1.0,34.0,34.0,1.0,499000.0,499000.0,1.0,,625290.0,,617136.0,617136.0,1.0,99.0,101.0,0.9797979797979798,5bad8123a3e03e0001e8c08f,SingleFamilyResidence,4
Cape Cod-Upper Cape-Falmouth,ccimls,2018,169.0,146.0,0.863905325443787,80.0,81.0,0.9875,450000.0,464500.0,0.9677777777777777,,611957.0,,556971.0,580591.0,0.9575920469826975,95.0,96.0,0.9894736842105263,5bad813127456200019325e9,SingleFamilyResidence,4
Cape Cod-Upper Cape-Falmouth,ccimls,2019,142.0,144.0,0.9859154929577465,102.0,102.0,1.0,476000.0,476000.0,1.0,,635935.0,,609629.0,609460.0,0.9997227822167253,96.0,96.0,1.0,5bad813127456200019325e9,SingleFamilyResidence,4
Cape Cod-Upper Cape-Falmouth,ccimls,2020,194.0,193.0,0.9948453608247423,57.0,57.0,1.0,600000.0,600000.0,1.0,,831437.0,,818284.0,819459.0,0.9985640682208133,99.0,100.0,0.98989898989899,5bad813127456200019325e9,SingleFamilyResidence,4
Cape Cod-Upper Cape-Falmouth,ccimls,2021,123.0,123.0,1.0,29.0,29.0,1.0,710000.0,710000.0,1.0,,855713.0,,865686.0,865686.0,1.0,101.0,102.0,0.9900990099009901,5bad813127456200019325e9,SingleFamilyResidence,4
Cape Cod-Upper Cape-Mashpee,ccimls,2018,114.0,69.0,0.6052631578947368,119.0,129.0,0.9159663865546218,401250.0,451500.0,0.874766355140187,,671050.0,,529724.0,628623.0,0.8133008887647152,95.0,97.0,0.9789473684210527,5bad812a78f3d200012a24f8,SingleFamilyResidence,4
Cape Cod-Upper Cape-Mashpee,ccimls,2019,69.0,71.0,0.9710144927536232,116.0,121.0,0.9568965517241379,539900.0,530000.0,0.9816632709761067,,782176.0,,763023.0,753923.0,0.9880737540021729,96.0,97.0,0.9895833333333334,5bad812a78f3d200012a24f8,SingleFamilyResidence,4
Cape Cod-Upper Cape-Mashpee,ccimls,2020,99.0,98.0,0.98989898989899,73.0,73.0,1.0,625000.0,635000.0,0.984,,861483.0,,845544.0,850193.0,0.9945017645444826,99.0,100.0,0.98989898989899,5bad812a78f3d200012a24f8,SingleFamilyResidence,4
Cape Cod-Upper Cape-Mashpee,ccimls,2021,64.0,65.0,0.984375,28.0,28.0,1.0,698250.0,707500.0,0.9867525957751522,,938201.0,,927903.0,930551.0,0.997146253433818,99.0,100.0,0.98989898989899,5bad812a78f3d200012a24f8,SingleFamilyResidence,4
Cape Cod-Upper Cape-Sandwich,ccimls,2018,103.0,99.0,0.9611650485436893,78.0,80.0,0.9743589743589743,381000.0,408000.0,0.9291338582677166,,465075.0,,444601.0,452753.0,0.9816644586944249,97.0,98.0,0.9896907216494846,5bad815f78f3d200012a2510,SingleFamilyResidence,4
Cape Cod-Upper Cape-Sandwich,ccimls,2019,83.0,83.0,1.0,90.0,90.0,1.0,412000.0,412000.0,1.0,,491133.0,,477172.0,477172.0,1.0,97.0,97.0,1.0,5bad815f78f3d200012a2510,SingleFamilyResidence,4
Cape Cod-Upper Cape-Sandwich,ccimls,2020,115.0,114.0,0.991304347826087,42.0,42.0,1.0,540000.0,544950.0,0.9908333333333333,,574782.0,,581169.0,582346.0,0.9979747715380552,101.0,101.0,1.0,5bad815f78f3d200012a2510,SingleFamilyResidence,4
Cape Cod-Upper Cape-Sandwich,ccimls,2021,101.0,102.0,0.9900990099009901,16.0,16.0,1.0,585000.0,586250.0,0.9978632478632479,,622104.0,,625682.0,626312.0,0.9989930987306651,101.0,101.0,1.0,5bad815f78f3d200012a2510,SingleFamilyResidence,4
Greater LA-Greater Los Angeles-Bel-Air / Holmby Hills,claw,2018,38.0,34.0,0.8947368421052632,67.0,79.0,0.8208955223880597,2645000.0,3075000.0,0.8374291115311909,,5397706.0,,,4918717.0,,490.0,94.0,0.19183673469387752,61c24b0394643000087b76b1,SingleFamilyResidence,4
Greater LA-Greater Los Angeles-Bel-Air / Holmby Hills,claw,2019,48.0,42.0,0.875,90.0,93.0,0.9666666666666667,2817000.0,3130000.0,0.8888888888888888,,8634452.0,,,7098536.0,,520.0,96.0,0.18461538461538463,61c24b0394643000087b76b1,SingleFamilyResidence,4
Greater LA-Greater Los Angeles-Bel-Air / Holmby Hills,claw,2020,60.0,44.0,0.7333333333333334,59.0,65.0,0.8983050847457628,2682500.0,3213500.0,0.8020503261882572,,6810148.0,,,6115503.0,,410.0,95.0,0.23170731707317072,61c24b0394643000087b76b1,SingleFamilyResidence,4
Greater LA-Greater Los Angeles-Bel-Air / Holmby Hills,claw,2021,55.0,45.0,0.8181818181818181,50.0,49.0,0.98,3500000.0,3889000.0,0.8888571428571429,,5735333.0,,,5373899.0,,150.0,97.0,0.6466666666666667,61c24b0394643000087b76b1,SingleFamilyResidence,4
Greater LA-Greater Los Angeles-Beverly Hills,claw,2018,26.0,26.0,1.0,84.0,86.0,0.9761904761904762,5027500.0,4287500.0,0.8528095474888115,,6898538.0,,,6472602.0,,500.0,95.0,0.18999999999999995,5af612af58e8cb18e56cc0a8,SingleFamilyResidence,4
Greater LA-Greater Los Angeles-Beverly Hills,claw,2019,30.0,30.0,1.0,86.0,87.0,0.9883720930232558,6500000.0,5650000.0,0.8692307692307693,,8246600.0,,,7568461.0,,650.0,94.0,0.1446153846153846,5af612af58e8cb18e56cc0a8,SingleFamilyResidence,4
Greater LA-Greater Los Angeles-Beverly Hills,claw,2020,28.0,26.0,0.9285714285714286,68.0,70.0,0.9705882352941176,7087500.0,6850000.0,0.9664902998236331,,9967385.0,,,8809096.0,,710.0,93.0,0.1309859154929578,5af612af58e8cb18e56cc0a8,SingleFamilyResidence,4
Greater LA-Greater Los Angeles-Beverly Hills,claw,2021,53.0,51.0,0.9622641509433962,69.0,73.0,0.9420289855072463,8200000.0,7500000.0,0.9146341463414634,,10451076.0,,,10129500.0,,260.0,97.0,0.3730769230769231,5af612af58e8cb18e56cc0a8,SingleFamilyResidence,4
Greater LA-Greater Los Angeles-Beverly Hills Post Office,claw,2018,33.0,15.0,0.4545454545454546,59.0,112.0,0.10169491525423724,3150000.0,6300000.0,0.0,,9710533.0,,,9057167.0,,510.0,94.0,0.1843137254901961,5c89e62720427c0001889c78,SingleFamilyResidence,4
Greater LA-Greater Los Angeles-Beverly Hills Post Office,claw,2019,39.0,18.0,0.46153846153846156,97.0,87.0,0.8969072164948454,2765000.0,8386625.0,-1.0331374321880653,,11969889.0,,,10883824.0,,450.0,92.0,0.20444444444444443,5c89e62720427c0001889c78,SingleFamilyResidence,4
Greater LA-Greater Los Angeles-Beverly Hills Post Office,claw,2020,44.0,20.0,0.4545454545454546,74.0,76.0,0.972972972972973,3370000.0,8844000.0,-0.6243323442136499,,12024900.0,,,10574175.0,,180.0,92.0,0.5111111111111111,5c89e62720427c0001889c78,SingleFamilyResidence,4
Greater LA-Greater Los Angeles-Beverly Hills Post Office,claw,2021,43.0,39.0,0.9069767441860466,85.0,86.0,0.9882352941176471,3400000.0,9675000.0,-0.8455882352941178,,12573897.0,,,12136596.0,,120.0,96.0,0.8,5c89e62720427c0001889c78,SingleFamilyResidence,4
Greater LA-Greater Los Angeles-Brentwood,claw,2018,52.0,50.0,0.9615384615384616,67.0,78.0,0.835820895522388,3100000.0,3097500.0,0.9991935483870967,,4565640.0,,,4355859.0,,340.0,96.0,0.2823529411764706,5dc2ffdd7050fc0001baa8e2,SingleFamilyResidence,4
Greater LA-Greater Los Angeles-Brentwood,claw,2019,55.0,58.0,0.9454545454545454,74.0,87.0,0.8243243243243243,2925000.0,2953500.0,0.9902564102564102,,4201608.0,,,3971055.0,,410.0,96.0,0.23414634146341462,5dc2ffdd7050fc0001baa8e2,SingleFamilyResidence,4
Greater LA-Greater Los Angeles-Brentwood,claw,2020,83.0,76.0,0.9156626506024097,51.0,53.0,0.9607843137254902,3160000.0,3287000.0,0.9598101265822785,,4714289.0,,,4571279.0,,330.0,97.0,0.29393939393939394,5dc2ffdd7050fc0001baa8e2,SingleFamilyResidence,4
Greater LA-Greater Los Angeles-Brentwood,claw,2021,83.0,82.0,0.9879518072289156,48.0,53.0,0.8958333333333334,3560000.0,4235000.0,0.8103932584269663,,6989434.0,,,6644046.0,,100.0,99.0,0.99,5dc2ffdd7050fc0001baa8e2,SingleFamilyResidence,4
Greater LA-Greater Los Angeles-Downtown Los Angeles,claw,2018,74.0,3.0,0.04054054054054057,63.0,51.0,0.8095238095238095,581000.0,478000.0,0.8227194492254734,,487333.0,,,505542.0,,170.0,105.0,0.6176470588235294,5a1ee5553e8deb6c7853b32b,SingleFamilyResidence,4
Greater LA-Greater Los Angeles-Downtown Los Angeles,claw,2019,64.0,4.0,0.0625,70.0,27.0,0.3857142857142857,517500.0,812500.0,0.42995169082125606,,776225.0,,,774975.0,,190.0,100.0,0.5263157894736843,5a1ee5553e8deb6c7853b32b,SingleFamilyResidence,4
Greater LA-Greater Los Angeles-Downtown Los Angeles,claw,2020,74.0,,,83.0,,,560000.0,,,,,,,,,270.0,,,5a1ee5553e8deb6c7853b32b,SingleFamilyResidence,4
Greater LA-Greater Los Angeles-Downtown Los Angeles,claw,2021,113.0,,,54.0,,,650000.0,,,,,,,,,140.0,,,5a1ee5553e8deb6c7853b32b,SingleFamilyResidence,4
Greater LA-Greater Los Angeles-Hancock Park / Wilshire,claw,2018,58.0,70.0,0.7931034482758621,65.0,63.0,0.9692307692307692,1658000.0,1565000.0,0.9439083232810616,,2022243.0,,,1988467.0,,60.0,99.0,0.35,61c24b04f6b53e00097bbb21,SingleFamilyResidence,4
Greater LA-Greater Los Angeles-Hancock Park / Wilshire,claw,2019,57.0,73.0,0.7192982456140351,62.0,65.0,0.9516129032258065,1740000.0,1700000.0,0.9770114942528736,,2235401.0,,,2166291.0,,200.0,98.0,0.49,61c24b04f6b53e00097bbb21,SingleFamilyResidence,4
Greater LA-Greater Los Angeles-Hancock Park / Wilshire,claw,2020,95.0,96.0,0.9894736842105263,44.0,38.0,0.8636363636363636,1735000.0,1634750.0,0.9422190201729107,,2298250.0,,,2272625.0,,80.0,100.0,0.75,61c24b04f6b53e00097bbb21,SingleFamilyResidence,4
Greater LA-Greater Los Angeles-Hancock Park / Wilshire,claw,2021,66.0,61.0,0.9242424242424242,20.0,20.0,1.0,2200000.0,2223000.0,0.9895454545454545,,2551179.0,,,2605707.0,,280.0,103.0,0.3678571428571429,61c24b04f6b53e00097bbb21,SingleFamilyResidence,4
Greater LA-Greater Los Angeles-Los Feliz,claw,2018,52.0,40.0,0.7692307692307692,43.0,44.0,0.9767441860465116,1668000.0,1581250.0,0.9479916067146283,,2091925.0,,,2106017.0,,300.0,104.0,0.3466666666666667,5b88185dcb08460001e770c4,SingleFamilyResidence,4
Greater LA-Greater Los Angeles-Los Feliz,claw,2019,48.0,31.0,0.6458333333333333,51.0,60.0,0.8235294117647058,1787500.0,2050000.0,0.8531468531468531,,2813484.0,,,2719500.0,,330.0,104.0,0.3151515151515152,5b88185dcb08460001e770c4,SingleFamilyResidence,4
Greater LA-Greater Los Angeles-Los Feliz,claw,2020,69.0,52.0,0.7536231884057971,42.0,41.0,0.9761904761904762,1890000.0,1972000.0,0.9566137566137566,,2602115.0,,,2612973.0,,230.0,103.0,0.4478260869565217,5b88185dcb08460001e770c4,SingleFamilyResidence,4
Greater LA-Greater Los Angeles-Los Feliz,claw,2021,67.0,46.0,0.6865671641791045,30.0,29.0,0.9666666666666667,1805000.0,1750000.0,0.9695290858725761,,2471239.0,,,2511698.0,,570.0,105.0,0.1842105263157895,5b88185dcb08460001e770c4,SingleFamilyResidence,4
Greater LA-Greater Los Angeles-Malibu,claw,2018,35.0,25.0,0.7142857142857143,185.0,194.0,0.9513513513513514,3137500.0,4150000.0,0.6772908366533865,,6042120.0,,,5676930.0,,600.0,94.0,0.15666666666666662,5a1ee6493e8deb6c7853b37a,SingleFamilyResidence,4
Greater LA-Greater Los Angeles-Malibu,claw,2019,37.0,23.0,0.6216216216216216,104.0,104.0,1.0,3400000.0,3950000.0,0.8382352941176471,,5735870.0,,,5274804.0,,730.0,92.0,0.126027397260274,5a1ee6493e8deb6c7853b37a,SingleFamilyResidence,4
Greater LA-Greater Los Angeles-Malibu,claw,2020,88.0,60.0,0.6818181818181819,70.0,75.0,0.9285714285714286,4410000.0,5500000.0,0.7528344671201814,,7176633.0,,,6807916.0,,330.0,96.0,0.2909090909090909,5a1ee6493e8deb6c7853b37a,SingleFamilyResidence,4
Greater LA-Greater Los Angeles-Malibu,claw,2021,78.0,63.0,0.8076923076923077,58.0,68.0,0.8275862068965517,3700000.0,4875000.0,0.6824324324324325,,6483206.0,,,6369960.0,,600.0,108.0,0.18000000000000005,5a1ee6493e8deb6c7853b37a,SingleFamilyResidence,4
Greater LA-Greater Los Angeles-Pacific Palisades,claw,2018,63.0,60.0,0.9523809523809523,50.0,54.0,0.92,3436000.0,3557000.0,0.9647846332945286,,4260892.0,,,4162520.0,,290.0,98.0,0.33793103448275863,5dc2ffddb74c7c0001c2cebc,SingleFamilyResidence,4
Greater LA-Greater Los Angeles-Pacific Palisades,claw,2019,63.0,64.0,0.9841269841269842,66.0,67.0,0.9848484848484849,3400000.0,3387500.0,0.9963235294117647,,3895711.0,,,3775271.0,,260.0,98.0,0.3769230769230769,5dc2ffddb74c7c0001c2cebc,SingleFamilyResidence,4
Greater LA-Greater Los Angeles-Pacific Palisades,claw,2020,88.0,90.0,0.9772727272727273,43.0,45.0,0.9534883720930233,3274000.0,3443000.0,0.9483811850946854,,4551233.0,,,4410026.0,,120.0,99.0,0.825,5dc2ffddb74c7c0001c2cebc,SingleFamilyResidence,4
Greater LA-Greater Los Angeles-Pacific Palisades,claw,2021,90.0,88.0,0.9777777777777777,37.0,37.0,1.0,4107500.0,4095000.0,0.996956786366403,,4695437.0,,,4677503.0,,10.0,100.0,-8.0,5dc2ffddb74c7c0001c2cebc,SingleFamilyResidence,4
Greater LA-Greater Los Angeles-Santa Monica,claw,2018,43.0,39.0,0.9069767441860466,50.0,57.0,0.86,2795000.0,2760000.0,0.9874776386404294,,3351820.0,,,3233157.0,,200.0,98.0,0.49,5a1ee6eb3e8deb6c7853b3b5,SingleFamilyResidence,4
Greater LA-Greater Los Angeles-Santa Monica,claw,2019,66.0,59.0,0.8939393939393939,55.0,74.0,0.6545454545454545,3085500.0,3275000.0,0.9385836979419867,,3621585.0,,,3506529.0,,170.0,99.0,0.5823529411764705,5a1ee6eb3e8deb6c7853b3b5,SingleFamilyResidence,4
Greater LA-Greater Los Angeles-Santa Monica,claw,2020,61.0,48.0,0.7868852459016393,42.0,43.0,0.9761904761904762,2950000.0,2950000.0,1.0,,3448781.0,,,3411263.0,,90.0,100.0,0.8888888888888888,5a1ee6eb3e8deb6c7853b3b5,SingleFamilyResidence,4
Greater LA-Greater Los Angeles-Santa Monica,claw,2021,88.0,77.0,0.875,33.0,34.0,0.9696969696969697,3475000.0,3350000.0,0.9640287769784173,,4263240.0,,,4268836.0,,130.0,101.0,0.7769230769230769,5a1ee6eb3e8deb6c7853b3b5,SingleFamilyResidence,4
Greater LA-Greater Los Angeles-Silver Lake / Echo Park,claw,2018,86.0,73.0,0.8488372093023255,43.0,45.0,0.9534883720930233,1100750.0,1101500.0,0.9993186463774699,,1186438.0,,,1227236.0,,340.0,104.0,0.3058823529411765,61c24b047f5f46000940dd62,SingleFamilyResidence,4
Greater LA-Greater Los Angeles-Silver Lake / Echo Park,claw,2019,92.0,64.0,0.6956521739130435,48.0,56.0,0.8333333333333334,1150034.0,1200000.0,0.956552588879981,,1288743.0,,,1289590.0,,240.0,101.0,0.4208333333333333,61c24b047f5f46000940dd62,SingleFamilyResidence,4
Greater LA-Greater Los Angeles-Silver Lake / Echo Park,claw,2020,127.0,86.0,0.6771653543307087,39.0,40.0,0.9743589743589743,1250000.0,1338000.0,0.9296,,1376222.0,,,1420843.0,,280.0,104.0,0.37142857142857144,61c24b047f5f46000940dd62,SingleFamilyResidence,4
Greater LA-Greater Los Angeles-Silver Lake / Echo Park,claw,2021,87.0,77.0,0.8850574712643678,18.0,19.0,0.9444444444444444,1453000.0,1550000.0,0.9332415691672402,,1572960.0,,,1713496.0,,910.0,109.0,0.1197802197802198,61c24b047f5f46000940dd62,SingleFamilyResidence,4
Greater LA-Greater Los Angeles-Topanga,claw,2018,16.0,21.0,0.6875,98.0,92.0,0.9387755102040817,1094750.0,1275000.0,0.8353505366522037,,1363904.0,,,1339905.0,,110.0,99.0,0.9,5e542aa6ea210f0001ac6166,SingleFamilyResidence,4
Greater LA-Greater Los Angeles-Topanga,claw,2019,24.0,26.0,0.9166666666666666,54.0,70.0,0.7037037037037037,1287000.0,1441000.0,0.8803418803418803,,1648808.0,,,1619481.0,,60.0,99.0,0.35,5e542aa6ea210f0001ac6166,SingleFamilyResidence,4
Greater LA-Greater Los Angeles-Topanga,claw,2020,43.0,39.0,0.9069767441860466,47.0,50.0,0.9361702127659575,1590000.0,1627500.0,0.9764150943396226,,1939359.0,,,1946784.0,,80.0,101.0,0.7375,5e542aa6ea210f0001ac6166,SingleFamilyResidence,4
Greater LA-Greater Los Angeles-Topanga,claw,2021,21.0,20.0,0.9523809523809523,39.0,43.0,0.8974358974358975,1921250.0,2037500.0,0.9394925178919974,,2312447.0,,,2357188.0,,200.0,103.0,0.515,5e542aa6ea210f0001ac6166,SingleFamilyResidence,4
Greater LA-Greater Los Angeles-Venice,claw,2018,48.0,58.0,0.7916666666666666,51.0,60.0,0.8235294117647058,1900000.0,2100000.0,0.8947368421052632,,2328457.0,,,2241658.0,,320.0,96.0,0.30000000000000004,5a1ee74b3e8deb6c7853b3dd,SingleFamilyResidence,4
Greater LA-Greater Los Angeles-Venice,claw,2019,44.0,48.0,0.9090909090909091,54.0,62.0,0.8518518518518519,2061000.0,2103500.0,0.9793789422610384,,2416292.0,,,2322831.0,,300.0,97.0,0.32333333333333336,5a1ee74b3e8deb6c7853b3dd,SingleFamilyResidence,4
Greater LA-Greater Los Angeles-Venice,claw,2020,66.0,70.0,0.9393939393939394,57.0,63.0,0.8947368421052632,2007500.0,2207500.0,0.900373599003736,,2520507.0,,,2440066.0,,270.0,97.0,0.3592592592592593,5a1ee74b3e8deb6c7853b3dd,SingleFamilyResidence,4
Greater LA-Greater Los Angeles-Venice,claw,2021,79.0,93.0,0.8227848101265822,49.0,46.0,0.9387755102040817,2520000.0,2650000.0,0.9484126984126984,,2801172.0,,,2745340.0,,150.0,99.0,0.6599999999999999,5a1ee74b3e8deb6c7853b3dd,SingleFamilyResidence,4
Greater LA-Greater Los Angeles-West Hollywood,claw,2018,23.0,15.0,0.6521739130434783,38.0,60.0,0.42105263157894735,1750000.0,1750000.0,1.0,,1885733.0,,,1846200.0,,140.0,99.0,0.7071428571428571,5a1ee7773e8deb6c7853b3ef,SingleFamilyResidence,4
Greater LA-Greater Los Angeles-West Hollywood,claw,2019,29.0,18.0,0.6206896551724138,63.0,73.0,0.8412698412698413,1968000.0,1984000.0,0.991869918699187,,1837760.0,,,1801897.0,,220.0,98.0,0.44545454545454544,5a1ee7773e8deb6c7853b3ef,SingleFamilyResidence,4
Greater LA-Greater Los Angeles-West Hollywood,claw,2020,38.0,12.0,0.3157894736842105,53.0,47.0,0.8867924528301887,2192500.0,2575000.0,0.8255416191562144,,2641583.0,,,2590397.0,,190.0,99.0,0.5210526315789474,5a1ee7773e8deb6c7853b3ef,SingleFamilyResidence,4
Greater LA-Greater Los Angeles-West Hollywood,claw,2021,50.0,19.0,0.38,37.0,37.0,1.0,2710000.0,2010000.0,0.7416974169741697,,2427461.0,,,2395553.0,,50.0,100.0,0.0,5a1ee7773e8deb6c7853b3ef,SingleFamilyResidence,4
Greater Ventura County-Agoura Hills,crmls,2018,51.0,59.0,0.8431372549019608,70.0,58.0,0.8285714285714285,1025000.0,810000.0,0.7902439024390244,1261545.0,919031.0,0.7284964071832555,1222838.0,899144.0,0.7352928188361827,3.0,98.0,-30.666666666666668,5e542aa1557d7a00016420a8,"SingleFamilyResidence,Townhouse,Condominium",4
Greater Ventura County-Agoura Hills,crmls,2019,43.0,50.0,0.8372093023255813,51.0,43.0,0.8431372549019608,880000.0,787450.0,0.8948295454545454,1093756.0,855386.0,0.7820629098263232,1077582.0,847750.0,0.7867150713356386,1.0,99.0,-97.0,5e542aa1557d7a00016420a8,"SingleFamilyResidence,Townhouse,Condominium",4
Greater Ventura County-Agoura Hills,crmls,2020,72.0,93.0,0.7083333333333333,39.0,33.0,0.8461538461538461,1075000.0,855000.0,0.7953488372093023,1233737.0,937626.0,0.7599885550972371,1226599.0,935929.0,0.7630276887556569,1.0,100.0,-98.0,5e542aa1557d7a00016420a8,"SingleFamilyResidence,Townhouse,Condominium",4
Greater Ventura County-Agoura Hills,crmls,2021,84.0,79.0,0.9404761904761905,45.0,37.0,0.8222222222222222,978758.0,925000.0,0.9450752892952088,1196100.0,1017308.0,0.8505208594599114,1205818.0,1027577.0,0.8521825018369273,1.0,101.0,-99.0,5e542aa1557d7a00016420a8,"SingleFamilyResidence,Townhouse,Condominium",4
Greater Ventura County-Calabasas,crmls,2018,49.0,50.0,0.9795918367346939,66.0,57.0,0.8636363636363636,1515000.0,1348400.0,0.8900330033003301,1816456.0,1664027.0,0.9160843973099266,1727686.0,1590012.0,0.9203130661474365,5.0,96.0,-17.2,5e542aa10a57ee0001e1e1c6,"SingleFamilyResidence,Townhouse,Condominium",4
Greater Ventura County-Calabasas,crmls,2019,73.0,85.0,0.8356164383561644,68.0,56.0,0.8235294117647058,1450000.0,1265000.0,0.8724137931034482,1801324.0,1601458.0,0.8890449469390292,1724236.0,1537734.0,0.8918349924256308,4.0,97.0,-22.25,5e542aa10a57ee0001e1e1c6,"SingleFamilyResidence,Townhouse,Condominium",4
Greater Ventura County-Calabasas,crmls,2020,93.0,115.0,0.7634408602150538,45.0,40.0,0.8888888888888888,1675000.0,1340000.0,0.8,2049204.0,1578179.0,0.7701424553143562,1982484.0,1536000.0,0.7747855720399257,3.0,100.0,-31.333333333333336,5e542aa10a57ee0001e1e1c6,"SingleFamilyResidence,Townhouse,Condominium",4
Greater Ventura County-Calabasas,crmls,2021,94.0,92.0,0.9787234042553191,32.0,29.0,0.90625,1597100.0,1500000.0,0.9392023041763196,1744458.0,1663870.0,0.9538034163046631,1781368.0,1691012.0,0.949277184725447,2.0,102.0,-49.0,5e542aa10a57ee0001e1e1c6,"SingleFamilyResidence,Townhouse,Condominium",4
Greater Ventura County-Camarillo,crmls,2018,186.0,244.0,0.6881720430107527,66.0,68.0,0.9696969696969697,629000.0,581750.0,0.9248807631160573,712734.0,636765.0,0.8934118478983745,696716.0,625445.0,0.897704373087456,2.0,99.0,-47.5,5af6129e58e8cb18e56cc09c,"SingleFamilyResidence,Townhouse,Condominium",4
Greater Ventura County-Camarillo,crmls,2019,211.0,292.0,0.6161137440758293,66.0,70.0,0.9393939393939394,650000.0,600000.0,0.9230769230769231,784823.0,674362.0,0.8592536151463451,766950.0,666084.0,0.8684842558185019,2.0,99.0,-47.5,5af6129e58e8cb18e56cc09c,"SingleFamilyResidence,Townhouse,Condominium",4
Greater Ventura County-Camarillo,crmls,2020,211.0,257.0,0.7819905213270142,37.0,35.0,0.9459459459459459,725000.0,631677.0,0.8712786206896552,915916.0,711549.0,0.7768714598281938,908696.0,710917.0,0.7823485522110805,1.0,100.0,-98.0,5af6129e58e8cb18e56cc09c,"SingleFamilyResidence,Townhouse,Condominium",4
Greater Ventura County-Camarillo,crmls,2021,98.0,253.0,-0.5816326530612246,19.0,22.0,0.8421052631578947,808000.0,749775.0,0.9279393564356435,806227.0,806740.0,0.9993637027784978,817872.0,817104.0,0.9990609777569106,1.0,102.0,-100.0,5af6129e58e8cb18e56cc09c,"SingleFamilyResidence,Townhouse,Condominium",4
Greater Ventura County-Channel Islands (Oxnard),crmls,2018,32.0,26.0,0.8125,118.0,96.0,0.8135593220338984,1225000.0,910000.0,0.7428571428571429,1720311.0,1567250.0,0.911027134047274,1628844.0,1507885.0,0.9257393587108403,5.0,97.0,-17.4,5be6245dfc1f295d61256851,"SingleFamilyResidence,Townhouse,Condominium",4
Greater Ventura County-Channel Islands (Oxnard),crmls,2019,61.0,26.0,0.42622950819672134,90.0,93.0,0.9666666666666667,800000.0,1016000.0,0.73,1022962.0,1151955.0,0.873902451899484,983293.0,1088802.0,0.8926983106764719,4.0,96.0,-22.0,5be6245dfc1f295d61256851,"SingleFamilyResidence,Townhouse,Condominium",4
Greater Ventura County-Channel Islands (Oxnard),crmls,2020,102.0,34.0,0.33333333333333337,47.0,42.0,0.8936170212765957,946150.0,862000.0,0.9110606140675368,1234634.0,1220412.0,0.9884807967381426,1217469.0,1194297.0,0.9809670718515214,1.0,100.0,-98.0,5be6245dfc1f295d61256851,"SingleFamilyResidence,Townhouse,Condominium",4
Greater Ventura County-Channel Islands (Oxnard),crmls,2021,103.0,22.0,0.21359223300970875,29.0,45.0,0.4482758620689655,1129477.0,1250000.0,0.8932930905188862,1403013.0,1689157.0,0.7960503573381003,1384075.0,1661243.0,0.7997449560175569,1.0,100.0,-98.0,5be6245dfc1f295d61256851,"SingleFamilyResidence,Townhouse,Condominium",4
Greater Ventura County-Lake Sherwood,crmls,2018,5.0,10.0,0.0,168.0,117.0,0.6964285714285714,4575000.0,3825000.0,0.8360655737704918,5254000.0,3593490.0,0.6839531785306433,4977000.0,3395450.0,0.6822282499497689,5.0,96.0,-17.2,5af88b17dd318e254785d6de,"SingleFamilyResidence,Townhouse,Condominium",4
Greater Ventura County-Lake Sherwood,crmls,2019,5.0,16.0,-1.2000000000000002,103.0,102.0,0.9902912621359223,3285000.0,1992000.0,0.6063926940639269,2759800.0,3872997.0,0.596638524530763,2716800.0,3148372.0,0.841146937573616,2.0,96.0,-46.0,5af88b17dd318e254785d6de,"SingleFamilyResidence,Townhouse,Condominium",4
Greater Ventura County-Lake Sherwood,crmls,2020,8.0,17.0,-0.125,140.0,115.0,0.8214285714285714,3725000.0,2700000.0,0.7248322147651007,4004125.0,2966941.0,0.7409711235288609,3787031.0,2813603.0,0.7429574777708448,5.0,95.0,-17.0,5af88b17dd318e254785d6de,"SingleFamilyResidence,Townhouse,Condominium",4
Greater Ventura County-Lake Sherwood,crmls,2021,4.0,10.0,-0.5,18.0,165.0,-7.166666666666666,2800000.0,3825000.0,0.6339285714285714,2823250.0,4303800.0,0.475586646595236,2726756.0,4080703.0,0.5034586886395409,3.0,96.0,-30.0,5af88b17dd318e254785d6de,"SingleFamilyResidence,Townhouse,Condominium",4
Greater Ventura County-Moorpark / Simi Valley,crmls,2018,363.0,439.0,0.790633608815427,56.0,55.0,0.9821428571428571,620000.0,590000.0,0.9516129032258065,691974.0,644965.0,0.9320653666178209,679772.0,630943.0,0.9281685624003342,2.0,98.0,-47.0,61c226d25bd69a00091a5a38,"SingleFamilyResidence,Townhouse,Condominium",4
Greater Ventura County-Moorpark / Simi Valley,crmls,2019,382.0,482.0,0.7382198952879582,53.0,55.0,0.9622641509433962,642000.0,600750.0,0.9357476635514019,716899.0,647464.0,0.9031453524136593,709302.0,642156.0,0.9053351040882445,1.0,99.0,-97.0,61c226d25bd69a00091a5a38,"SingleFamilyResidence,Townhouse,Condominium",4
Greater Ventura County-Moorpark / Simi Valley,crmls,2020,499.0,609.0,0.779559118236473,34.0,34.0,1.0,720000.0,670000.0,0.9305555555555556,797516.0,722924.0,0.9064695880709603,808888.0,735602.0,0.9093990762627212,1.0,101.0,-99.0,61c226d25bd69a00091a5a38,"SingleFamilyResidence,Townhouse,Condominium",4
Greater Ventura County-Moorpark / Simi Valley,crmls,2021,106.0,572.0,-3.3962264150943398,29.0,28.0,0.9655172413793104,876000.0,760000.0,0.8675799086757991,948561.0,803221.0,0.8467784359677448,958919.0,818539.0,0.8536059875755929,1.0,102.0,-100.0,61c226d25bd69a00091a5a38,"SingleFamilyResidence,Townhouse,Condominium",4
Greater Ventura County-Oak Park,crmls,2018,18.0,33.0,0.16666666666666663,45.0,47.0,0.9555555555555556,1029000.0,842000.0,0.8182701652089407,1145328.0,825292.0,0.7205726219912549,1127889.0,813652.0,0.7213936832436525,2.0,99.0,-47.5,5af88c74dd318e254785d793,"SingleFamilyResidence,Townhouse,Condominium",4
Greater Ventura County-Oak Park,crmls,2019,29.0,41.0,0.5862068965517242,63.0,55.0,0.873015873015873,900000.0,810000.0,0.9,1011183.0,854440.0,0.8449904715565828,995447.0,842362.0,0.8462148160575098,2.0,99.0,-47.5,5af88c74dd318e254785d793,"SingleFamilyResidence,Townhouse,Condominium",4
Greater Ventura County-Oak Park,crmls,2020,40.0,62.0,0.44999999999999996,33.0,34.0,0.9696969696969697,922500.0,822500.0,0.8915989159891599,1029979.0,838370.0,0.8139680517758129,1028585.0,838364.0,0.8150653567765426,0.0,100.0,,5af88c74dd318e254785d793,"SingleFamilyResidence,Townhouse,Condominium",4
Greater Ventura County-Oak Park,crmls,2021,48.0,50.0,0.9583333333333334,30.0,31.0,0.9666666666666667,1075000.0,1032500.0,0.9604651162790697,1095910.0,1071368.0,0.9776058252958728,1105260.0,1080446.0,0.9775491739500208,1.0,101.0,-99.0,5af88c74dd318e254785d793,"SingleFamilyResidence,Townhouse,Condominium",4
Greater Ventura County-Thousand Oaks / Newbury Park,crmls,2018,236.0,379.0,0.39406779661016944,63.0,65.0,0.9682539682539683,757000.0,730000.0,0.964332892998679,894324.0,890512.0,0.9957375626730357,880209.0,872938.0,0.991739461877804,2.0,98.0,-47.0,61c226cefb60b4000856f857,"SingleFamilyResidence,Townhouse,Condominium",4
Greater Ventura County-Thousand Oaks / Newbury Park,crmls,2019,248.0,413.0,0.33467741935483875,62.0,60.0,0.967741935483871,800250.0,739000.0,0.9234614183067791,1024834.0,861510.0,0.8406337026289136,966713.0,848875.0,0.8781044632688295,6.0,99.0,-14.5,61c226cefb60b4000856f857,"SingleFamilyResidence,Townhouse,Condominium",4
Greater Ventura County-Thousand Oaks / Newbury Park,crmls,2020,339.0,537.0,0.415929203539823,38.0,42.0,0.8947368421052632,862000.0,822000.0,0.9535962877030162,998455.0,1034933.0,0.9634655542813647,992354.0,1018130.0,0.9740253981945959,1.0,100.0,-98.0,61c226cefb60b4000856f857,"SingleFamilyResidence,Townhouse,Condominium",4
Greater Ventura County-Thousand Oaks / Newbury Park,crmls,2021,277.0,503.0,0.18411552346570392,36.0,31.0,0.8611111111111112,940000.0,950000.0,0.9893617021276596,1053067.0,1082762.0,0.9718014143449563,1060388.0,1091388.0,0.9707654179413573,1.0,101.0,-99.0,61c226cefb60b4000856f857,"SingleFamilyResidence,Townhouse,Condominium",4
Greater Ventura County-Ventura,crmls,2018,174.0,270.0,0.4482758620689655,68.0,85.0,0.75,651950.0,612000.0,0.9387222946544981,858857.0,683809.0,0.7961849295051446,837721.0,670672.0,0.8005911275949869,2.0,98.0,-47.0,5af6127e58e8cb18e56cc083,"SingleFamilyResidence,Townhouse,Condominium",4
Greater Ventura County-Ventura,crmls,2019,170.0,324.0,0.09411764705882353,62.0,74.0,0.8064516129032258,646750.0,600000.0,0.9277155005798222,816854.0,664761.0,0.8138063840049752,789937.0,650988.0,0.8241011624977688,3.0,98.0,-30.666666666666668,5af6127e58e8cb18e56cc083,"SingleFamilyResidence,Townhouse,Condominium",4
Greater Ventura County-Ventura,crmls,2020,278.0,345.0,0.7589928057553956,27.0,27.0,1.0,735250.0,687000.0,0.9343760625637538,931173.0,784342.0,0.8423160894914264,919178.0,778916.0,0.8474049640004438,1.0,100.0,-98.0,5af6127e58e8cb18e56cc083,"SingleFamilyResidence,Townhouse,Condominium",4
Greater Ventura County-Ventura,crmls,2021,91.0,258.0,-0.8351648351648351,21.0,24.0,0.8571428571428572,825000.0,775000.0,0.9393939393939394,861747.0,855613.0,0.9928819015325844,881394.0,867362.0,0.9840797645547849,2.0,102.0,-49.0,5af6127e58e8cb18e56cc083,"SingleFamilyResidence,Townhouse,Condominium",4
Greater Ventura County-Westlake Village,crmls,2018,67.0,27.0,0.4029850746268657,69.0,70.0,0.9855072463768116,1185000.0,960000.0,0.810126582278481,1577260.0,1056639.0,0.6699206218378707,1482541.0,1036250.0,0.6989688649420152,6.0,98.0,-14.333333333333334,5e542aa5f8bd950001f85e9a,"SingleFamilyResidence,Townhouse,Condominium",4
Greater Ventura County-Westlake Village,crmls,2019,74.0,38.0,0.5135135135135135,51.0,53.0,0.9607843137254902,1305000.0,1297500.0,0.9942528735632183,1696276.0,1598289.0,0.9422340468178527,1649205.0,1542271.0,0.9351602741927171,3.0,97.0,-30.333333333333332,5e542aa5f8bd950001f85e9a,"SingleFamilyResidence,Townhouse,Condominium",4
Greater Ventura County-Westlake Village,crmls,2020,101.0,49.0,0.48514851485148514,51.0,53.0,0.9607843137254902,1565000.0,1120000.0,0.7156549520766773,1967597.0,1272492.0,0.6467238972208231,1891415.0,1255277.0,0.6636708496020176,4.0,99.0,-22.75,5e542aa5f8bd950001f85e9a,"SingleFamilyResidence,Townhouse,Condominium",4
Greater Ventura County-Westlake Village,crmls,2021,131.0,31.0,0.23664122137404575,34.0,45.0,0.6764705882352942,1230000.0,1060000.0,0.8617886178861789,1597511.0,1582911.0,0.9908607828052515,1581989.0,1547407.0,0.9781401767016079,1.0,100.0,-98.0,5e542aa5f8bd950001f85e9a,"SingleFamilyResidence,Townhouse,Condominium",4
Greenwich-Greenwich-Cos Cob,,2018,83.0,,,,,,,,,,,,1564417.0,,,,,,5e74745e203b81749b829d69,SingleFamilyResidence,4
Greenwich-Greenwich-Cos Cob,,2019,56.0,,,,,,,,,,,,1248246.0,,,,,,5e74745e203b81749b829d69,SingleFamilyResidence,4
Greenwich-Greenwich-Cos Cob,,2020,87.0,,,,,,,,,,,,1408911.0,,,,,,5e74745e203b81749b829d69,SingleFamilyResidence,4
Greenwich-Greenwich-Cos Cob,,2021,108.0,,,,,,,,,,,,1645808.0,,,,,,5e74745e203b81749b829d69,SingleFamilyResidence,4
Greenwich-Greenwich-Greenwich Proper,,2018,594.0,,,,,,,,,,,,2393007.0,,,,,,5cc72d69830d9b0001838f1b,SingleFamilyResidence,4
Greenwich-Greenwich-Greenwich Proper,,2018,317.0,,,,,,,,,,,,2685486.0,,,,,,5cc72d69830d9b0001838f1b,SingleFamilyResidence,4
Greenwich-Greenwich-Greenwich Proper,,2019,528.0,,,,,,,,,,,,2376330.0,,,,,,5cc72d69830d9b0001838f1b,SingleFamilyResidence,4
Greenwich-Greenwich-Greenwich Proper,,2019,288.0,,,,,,,,,,,,2742470.0,,,,,,5cc72d69830d9b0001838f1b,SingleFamilyResidence,4
Greenwich-Greenwich-Greenwich Proper,,2020,862.0,,,,,,,,,,,,2669962.0,,,,,,5cc72d69830d9b0001838f1b,SingleFamilyResidence,4
Greenwich-Greenwich-Greenwich Proper,,2020,503.0,,,,,,,,,,,,3012050.0,,,,,,5cc72d69830d9b0001838f1b,SingleFamilyResidence,4
Greenwich-Greenwich-Greenwich Proper,,2021,1007.0,,,,,,,,,,,,3005856.0,,,,,,5cc72d69830d9b0001838f1b,SingleFamilyResidence,4
Greenwich-Greenwich-Greenwich Proper,,2021,581.0,,,,,,,,,,,,3470331.0,,,,,,5cc72d69830d9b0001838f1b,SingleFamilyResidence,4
Greenwich-Greenwich-Old Greenwich,,2018,87.0,,,,,,,,,,,,2166275.0,,,,,,5e746a4d203b81749b829a73,SingleFamilyResidence,4
Greenwich-Greenwich-Old Greenwich,,2019,98.0,,,,,,,,,,,,2323308.0,,,,,,5e746a4d203b81749b829a73,SingleFamilyResidence,4
Greenwich-Greenwich-Old Greenwich,,2020,137.0,,,,,,,,,,,,2295702.0,,,,,,5e746a4d203b81749b829a73,SingleFamilyResidence,4
Greenwich-Greenwich-Old Greenwich,,2021,155.0,,,,,,,,,,,,2624038.0,,,,,,5e746a4d203b81749b829a73,SingleFamilyResidence,4
Greenwich-Greenwich-Riverside,,2018,107.0,,,,,,,,,,,,2353592.0,,,,,,5cc9b3706badb30001c78cce,SingleFamilyResidence,4
Greenwich-Greenwich-Riverside,,2019,86.0,,,,,,,,,,,,1945174.0,,,,,,5cc9b3706badb30001c78cce,SingleFamilyResidence,4
Greenwich-Greenwich-Riverside,,2020,135.0,,,,,,,,,,,,2587852.0,,,,,,5cc9b3706badb30001c78cce,SingleFamilyResidence,4
Greenwich-Greenwich-Riverside,,2021,163.0,,,,,,,,,,,,2614485.0,,,,,,5cc9b3706badb30001c78cce,SingleFamilyResidence,4
Hamptons-Hamptons-Amagansett / Montauk,,2018,77.0,,,,,,1250000.0,,,,,,2031190.0,,,,,,61c4d3246b1be90008c99b81,SingleFamilyResidence,4
Hamptons-Hamptons-Amagansett / Montauk,,2019,58.0,,,,,,1437500.0,,,,,,2203453.0,,,,,,61c4d3246b1be90008c99b81,SingleFamilyResidence,4
Hamptons-Hamptons-Amagansett / Montauk,,2020,107.0,,,,,,2000000.0,,,,,,2527537.0,,,,,,61c4d3246b1be90008c99b81,SingleFamilyResidence,4
Hamptons-Hamptons-Amagansett / Montauk,,2021,65.0,,,,,,1650000.0,,,,,,3496963.0,,,,,,61c4d3246b1be90008c99b81,SingleFamilyResidence,4
Hamptons-Hamptons-Bridgehampton,,2018,35.0,,,,,,3400000.0,,,,,,4698014.0,,,,,,5be63d0cfc1f295d61258b63,SingleFamilyResidence,4
Hamptons-Hamptons-Bridgehampton,,2019,37.0,,,,,,3250000.0,,,,,,5230081.0,,,,,,5be63d0cfc1f295d61258b63,SingleFamilyResidence,4
Hamptons-Hamptons-Bridgehampton,,2020,81.0,,,,,,3100000.0,,,,,,4069794.0,,,,,,5be63d0cfc1f295d61258b63,SingleFamilyResidence,4
Hamptons-Hamptons-Bridgehampton,,2021,66.0,,,,,,3050000.0,,,,,,6533471.0,,,,,,5be63d0cfc1f295d61258b63,SingleFamilyResidence,4
Hamptons-Hamptons-East Hampton,,2018,117.0,,,,,,1125000.0,,,,,,2042542.0,,,,,,5be63d64fc1f295d61258bc9,SingleFamilyResidence,4
Hamptons-Hamptons-East Hampton,,2019,138.0,,,,,,936664.0,,,,,,1698193.0,,,,,,5be63d64fc1f295d61258bc9,SingleFamilyResidence,4
Hamptons-Hamptons-East Hampton,,2020,212.0,,,,,,1357500.0,,,,,,2181139.0,,,,,,5be63d64fc1f295d61258bc9,SingleFamilyResidence,4
Hamptons-Hamptons-East Hampton,,2021,193.0,,,,,,1300000.0,,,,,,2027783.0,,,,,,5be63d64fc1f295d61258bc9,SingleFamilyResidence,4
Hamptons-Hamptons-Sag Harbor,,2018,63.0,,,,,,1500000.0,,,,,,2111029.0,,,,,,5be63ec9fc1f295d61258d79,SingleFamilyResidence,4
Hamptons-Hamptons-Sag Harbor,,2019,57.0,,,,,,1425000.0,,,,,,1874423.0,,,,,,5be63ec9fc1f295d61258d79,SingleFamilyResidence,4
Hamptons-Hamptons-Sag Harbor,,2020,102.0,,,,,,1600000.0,,,,,,2223682.0,,,,,,5be63ec9fc1f295d61258d79,SingleFamilyResidence,4
Hamptons-Hamptons-Sag Harbor,,2021,85.0,,,,,,1895000.0,,,,,,2721284.0,,,,,,5be63ec9fc1f295d61258d79,SingleFamilyResidence,4
Hamptons-Hamptons-Southampton,,2018,119.0,,,,,,1120000.0,,,,,,2096322.0,,,,,,620ff859a4db2c0009d7f61a,SingleFamilyResidence,4
Hamptons-Hamptons-Southampton,,2019,143.0,,,,,,1630000.0,,,,,,3404720.0,,,,,,620ff859a4db2c0009d7f61a,SingleFamilyResidence,4
Hamptons-Hamptons-Southampton,,2020,184.0,,,,,,1906500.0,,,,,,3301390.0,,,,,,620ff859a4db2c0009d7f61a,SingleFamilyResidence,4
Hamptons-Hamptons-Southampton,,2021,172.0,,,,,,1985000.0,,,,,,3997350.0,,,,,,620ff859a4db2c0009d7f61a,SingleFamilyResidence,4
Hamptons-Hamptons-Westhampton,,2018,214.0,,,,,,637000.0,,,,,,1006657.0,,,,,,5be63f48fc1f295d61258e12,SingleFamilyResidence,4
Hamptons-Hamptons-Westhampton,,2019,183.0,,,,,,635000.0,,,,,,959059.0,,,,,,5be63f48fc1f295d61258e12,SingleFamilyResidence,4
Hamptons-Hamptons-Westhampton,,2020,265.0,,,,,,910000.0,,,,,,1393548.0,,,,,,5be63f48fc1f295d61258e12,SingleFamilyResidence,4
Hamptons-Hamptons-Westhampton,,2021,259.0,,,,,,890000.0,,,,,,1550055.0,,,,,,5be63f48fc1f295d61258e12,SingleFamilyResidence,4
Houston-Atascocita Area,har,2018,1657.0,,,97.0,,,250000.0,,,286418.0,,,274164.0,,,96.0,,,61fc493d788805000988e13a,SingleFamilyResidence,4
Houston-Atascocita Area,har,2019,1873.0,,,87.0,,,264000.0,,,295876.0,,,283064.0,,,96.0,,,61fc493d788805000988e13a,SingleFamilyResidence,4
Houston-Atascocita Area,har,2020,2384.0,1.0,0.00041946308724827297,78.0,29.0,0.3717948717948718,267500.0,240000.0,0.897196261682243,308709.0,242900.0,0.786825133054106,293024.0,240000.0,0.8190455389319646,95.0,99.0,0.9578947368421052,61fc493d788805000988e13a,SingleFamilyResidence,4
Houston-Atascocita Area,har,2021,2380.0,580.0,0.24369747899159666,38.0,34.0,0.8947368421052632,311918.0,328000.0,0.9484415775941113,342945.0,365632.0,0.9338465351586989,339840.0,362584.0,0.9330743879472693,99.0,99.0,1.0,61fc493d788805000988e13a,SingleFamilyResidence,4
Houston-Bellaire,har,2018,269.0,,,126.0,,,847500.0,,,971548.0,,,887668.0,,,91.0,,,61658a4539568700088591cf,SingleFamilyResidence,4
Houston-Bellaire,har,2019,234.0,,,153.0,,,852500.0,,,973939.0,,,890571.0,,,91.0,,,61658a4539568700088591cf,SingleFamilyResidence,4
Houston-Bellaire,har,2020,271.0,,,171.0,,,860000.0,,,1009143.0,,,934439.0,,,93.0,,,61658a4539568700088591cf,SingleFamilyResidence,4
Houston-Bellaire,har,2021,349.0,78.0,0.22349570200573066,126.0,56.0,0.4444444444444444,915000.0,921000.0,0.9934426229508196,1024261.0,962784.0,0.9399791654666144,963328.0,927078.0,0.9623700338825405,94.0,97.0,0.9680851063829787,61658a4539568700088591cf,SingleFamilyResidence,4
Houston-Braeswood Place,har,2018,130.0,,,91.0,,,550000.0,,,794037.0,,,739290.0,,,93.0,,,6165877738ee4e0009c20c0a,SingleFamilyResidence,4
Houston-Braeswood Place,har,2019,86.0,,,149.0,,,799275.0,,,940439.0,,,877378.0,,,93.0,,,6165877738ee4e0009c20c0a,SingleFamilyResidence,4
Houston-Braeswood Place,har,2020,79.0,,,103.0,,,678000.0,,,915841.0,,,863015.0,,,94.0,,,6165877738ee4e0009c20c0a,SingleFamilyResidence,4
Houston-Braeswood Place,har,2021,124.0,24.0,0.19354838709677424,118.0,46.0,0.38983050847457623,1067723.0,997933.0,0.9346366051869258,1101541.0,1080231.0,0.9806543741903389,1062700.0,1049201.0,0.987297449891785,96.0,97.0,0.9895833333333334,6165877738ee4e0009c20c0a,SingleFamilyResidence,4
Houston-Briargrove Park / Walnut Bend,har,2018,192.0,,,83.0,,,420500.0,,,468548.0,,,435964.0,,,93.0,,,61c4a4ce162eb200082a1c5d,SingleFamilyResidence,4
Houston-Briargrove Park / Walnut Bend,har,2019,166.0,,,131.0,,,451000.0,,,506821.0,,,467722.0,,,92.0,,,61c4a4ce162eb200082a1c5d,SingleFamilyResidence,4
Houston-Briargrove Park / Walnut Bend,har,2020,214.0,,,107.0,,,457500.0,,,527672.0,,,494883.0,,,94.0,,,61c4a4ce162eb200082a1c5d,SingleFamilyResidence,4
Houston-Briargrove Park / Walnut Bend,har,2021,224.0,49.0,0.21875,72.0,42.0,0.5833333333333333,518500.0,514000.0,0.991321118611379,544436.0,542271.0,0.9960234077099971,527191.0,523562.0,0.9931163468268616,97.0,97.0,1.0,61c4a4ce162eb200082a1c5d,SingleFamilyResidence,4
Houston-Central Area,har,2018,391.0,,,124.0,,,600000.0,,,746384.0,,,698925.0,,,94.0,,,61fc493cfdc6bf0009c6e719,SingleFamilyResidence,4
Houston-Central Area,har,2019,365.0,,,137.0,,,645000.0,,,747611.0,,,713920.0,,,95.0,,,61fc493cfdc6bf0009c6e719,SingleFamilyResidence,4
Houston-Central Area,har,2020,396.0,,,155.0,,,626655.0,,,747293.0,,,712078.0,,,95.0,,,61fc493cfdc6bf0009c6e719,SingleFamilyResidence,4
Houston-Central Area,har,2021,536.0,137.0,0.2555970149253731,120.0,62.0,0.5166666666666666,653720.0,650000.0,0.9943094903016582,780513.0,774791.0,0.992668924156292,746609.0,751892.0,0.9929240070773323,96.0,97.0,0.9895833333333334,61fc493cfdc6bf0009c6e719,SingleFamilyResidence,4
Houston-Clear Lake,har,2018,1120.0,,,60.0,,,265000.0,,,314877.0,,,300829.0,,,96.0,,,61fd3d974f32f90009b86ab4,SingleFamilyResidence,4
Houston-Clear Lake,har,2019,1170.0,,,66.0,,,264000.0,,,315938.0,,,303261.0,,,96.0,,,61fd3d974f32f90009b86ab4,SingleFamilyResidence,4
Houston-Clear Lake,har,2020,1297.0,,,62.0,,,285000.0,,,343622.0,,,324532.0,,,94.0,,,61fd3d974f32f90009b86ab4,SingleFamilyResidence,4
Houston-Clear Lake,har,2021,1310.0,318.0,0.24274809160305344,31.0,26.0,0.8387096774193549,315000.0,325000.0,0.9682539682539683,364762.0,381308.0,0.9546389152378811,357035.0,374726.0,0.9504502359712633,98.0,99.0,0.9897959183673469,61fd3d974f32f90009b86ab4,SingleFamilyResidence,4
Houston-Cypress South Area,har,2018,4053.0,,,81.0,,,220000.0,,,264469.0,,,252013.0,,,95.0,,,61fc493f5590db0009dc1a78,SingleFamilyResidence,4
Houston-Cypress South Area,har,2019,4154.0,2.0,0.000481463649494418,61.0,27.0,0.4426229508196722,233950.0,248700.0,0.9369523402436418,276225.0,257500.0,0.9322110598244185,265998.0,248700.0,0.93496943586042,96.0,96.0,1.0,61fc493f5590db0009dc1a78,SingleFamilyResidence,4
Houston-Cypress South Area,har,2020,4593.0,,,49.0,,,249000.0,,,288647.0,,,280278.0,,,97.0,,,61fc493f5590db0009dc1a78,SingleFamilyResidence,4
Houston-Cypress South Area,har,2021,4821.0,1236.0,0.2563783447417548,20.0,17.0,0.85,285490.0,300000.0,0.9491751024554275,322345.0,336388.0,0.9564348756766818,325347.0,337718.0,0.9619759825663061,101.0,101.0,1.0,61fc493f5590db0009dc1a78,SingleFamilyResidence,4
Houston-East End Revitalized,har,2018,377.0,,,98.0,,,285000.0,,,284786.0,,,268747.0,,,94.0,,,61658a5c3ffa2a0008a6bbce,SingleFamilyResidence,4
Houston-East End Revitalized,har,2019,405.0,,,82.0,,,297000.0,,,306289.0,,,291389.0,,,95.0,,,61658a5c3ffa2a0008a6bbce,SingleFamilyResidence,4
Houston-East End Revitalized,har,2020,387.0,1.0,0.0025839793281653423,91.0,66.0,0.7252747252747253,298000.0,295000.0,0.9899328859060402,306150.0,299500.0,0.9782786215907235,293451.0,295000.0,0.9947214356059444,96.0,98.0,0.9791666666666666,61658a5c3ffa2a0008a6bbce,SingleFamilyResidence,4
Houston-East End Revitalized,har,2021,562.0,159.0,0.2829181494661922,79.0,38.0,0.4810126582278481,328250.0,340000.0,0.9642041127189642,330057.0,345590.0,0.9529384318466204,318807.0,338752.0,0.937438638423874,97.0,98.0,0.9896907216494846,61658a5c3ffa2a0008a6bbce,SingleFamilyResidence,4
Houston-Energy Corridor,har,2018,596.0,,,97.0,,,334250.0,,,410362.0,,,380535.0,,,93.0,,,61fc493c2d89d00009cf8cc9,SingleFamilyResidence,4
Houston-Energy Corridor,har,2019,609.0,,,122.0,,,334900.0,,,415193.0,,,387712.0,,,93.0,,,61fc493c2d89d00009cf8cc9,SingleFamilyResidence,4
Houston-Energy Corridor,har,2020,695.0,1.0,0.0014388489208633226,121.0,19.0,0.15702479338842978,340000.0,280000.0,0.8235294117647058,413482.0,295000.0,0.7134530644622983,387570.0,280000.0,0.72245013803958,94.0,95.0,0.9893617021276596,61fc493c2d89d00009cf8cc9,SingleFamilyResidence,4
Houston-Energy Corridor,har,2021,792.0,180.0,0.2272727272727273,67.0,35.0,0.5223880597014925,382750.0,383750.0,0.9973873285434357,456849.0,448603.0,0.9819502724094832,444455.0,441437.0,0.9932096612705448,97.0,98.0,0.9896907216494846,61fc493c2d89d00009cf8cc9,SingleFamilyResidence,4
Houston-Friendswood,har,2018,878.0,,,58.0,,,255000.0,,,334280.0,,,314460.0,,,94.0,,,616587d6652f8300096b58fd,SingleFamilyResidence,4
Houston-Friendswood,har,2019,867.0,,,69.0,,,282000.0,,,359888.0,,,343446.0,,,95.0,,,616587d6652f8300096b58fd,SingleFamilyResidence,4
Houston-Friendswood,har,2020,866.0,,,54.0,,,294950.0,,,384044.0,,,363181.0,,,95.0,,,616587d6652f8300096b58fd,SingleFamilyResidence,4
Houston-Friendswood,har,2021,911.0,223.0,0.24478594950603727,25.0,23.0,0.92,334000.0,320000.0,0.9580838323353293,424675.0,413650.0,0.9740389709778066,413129.0,405736.0,0.9821048631299183,97.0,99.0,0.979381443298969,616587d6652f8300096b58fd,SingleFamilyResidence,4
Houston-Greater Heights Area,har,2018,1299.0,,,96.0,,,500000.0,,,607115.0,,,578602.0,,,95.0,,,5a2f0d4a47a56025d5889e91,SingleFamilyResidence,4
Houston-Greater Heights Area,har,2019,1294.0,1.0,0.0007727975270479526,87.0,5.0,0.05747126436781613,515000.0,380000.0,0.7378640776699029,614673.0,399900.0,0.6505898258098208,592312.0,380000.0,0.6415537757128,96.0,95.0,0.9895833333333334,5a2f0d4a47a56025d5889e91,SingleFamilyResidence,4
Houston-Greater Heights Area,har,2020,1397.0,5.0,0.0035790980672870676,74.0,37.0,0.5,520000.0,575900.0,0.8925,626686.0,619900.0,0.9891716106630752,604666.0,615120.0,0.9827111165502939,96.0,99.0,0.96875,5a2f0d4a47a56025d5889e91,SingleFamilyResidence,4
Houston-Greater Heights Area,har,2021,1640.0,385.0,0.2347560975609756,62.0,31.0,0.5,552210.0,559000.0,0.9877039532062077,668336.0,681086.0,0.9809227693854589,653345.0,671671.0,0.9719505008839128,98.0,99.0,0.9897959183673469,5a2f0d4a47a56025d5889e91,SingleFamilyResidence,4
Houston-Hockley,har,2018,352.0,,,132.0,,,203900.0,,,239940.0,,,230356.0,,,96.0,,,61fc493f8531bb0009abfff0,SingleFamilyResidence,4
Houston-Hockley,har,2019,523.0,1.0,0.0019120458891013214,78.0,180.0,-0.3076923076923077,214900.0,320000.0,0.5109353187529083,246570.0,325000.0,0.6819158859553068,236030.0,320000.0,0.6442401389653858,96.0,98.0,0.9791666666666666,61fc493f8531bb0009abfff0,SingleFamilyResidence,4
Houston-Hockley,har,2020,482.0,1.0,0.0020746887966804906,61.0,3.0,0.049180327868852514,231900.0,227900.0,0.9827511858559724,263471.0,227900.0,0.8649908339058189,255567.0,227900.0,0.8917426741324193,97.0,100.0,0.9690721649484536,61fc493f8531bb0009abfff0,SingleFamilyResidence,4
Houston-Hockley,har,2021,617.0,170.0,0.2755267423014587,35.0,24.0,0.6857142857142857,265900.0,282450.0,0.9377585558480632,301133.0,332025.0,0.8974140994178652,296320.0,326533.0,0.8980392818574514,98.0,98.0,1.0,61fc493f8531bb0009abfff0,SingleFamilyResidence,4
Houston-Katy Area,har,2018,3684.0,,,98.0,,,320000.0,,,370582.0,,,351703.0,,,95.0,,,61fd391618368c0009ab3739,SingleFamilyResidence,4
Houston-Katy Area,har,2019,3905.0,1.0,0.0002560819462228414,88.0,22.0,0.25,325000.0,265000.0,0.8153846153846154,380376.0,279900.0,0.7358508423244369,361123.0,265000.0,0.733821994168192,95.0,95.0,1.0,61fd391618368c0009ab3739,SingleFamilyResidence,4
Houston-Katy Area,har,2020,4490.0,1.0,0.00022271714922050823,71.0,44.0,0.619718309859155,339332.0,500000.0,0.5265168036023717,392443.0,525000.0,0.6622261067212308,375710.0,500000.0,0.6691863405285992,96.0,95.0,0.9895833333333334,61fd391618368c0009ab3739,SingleFamilyResidence,4
Houston-Katy Area,har,2021,4751.0,979.0,0.20606188170911388,29.0,26.0,0.896551724137931,397500.0,410000.0,0.9685534591194969,439034.0,462860.0,0.9457308545579614,440806.0,461723.0,0.9525482865478238,100.0,100.0,1.0,61fd391618368c0009ab3739,SingleFamilyResidence,4
Houston-Kingwood Area,har,2018,1335.0,,,67.0,,,239900.0,,,287191.0,,,270503.0,,,94.0,,,61658a8bebdefe0008c83143,SingleFamilyResidence,4
Houston-Kingwood Area,har,2019,1448.0,,,82.0,,,254450.0,,,300340.0,,,281354.0,,,94.0,,,61658a8bebdefe0008c83143,SingleFamilyResidence,4
Houston-Kingwood Area,har,2020,1867.0,1.0,0.0005356186395286677,77.0,6.0,0.07792207792207795,254000.0,200000.0,0.7874015748031495,326294.0,199000.0,0.6098794338847788,290699.0,200000.0,0.6879968627343059,89.0,101.0,0.8651685393258427,61658a8bebdefe0008c83143,SingleFamilyResidence,4
Houston-Kingwood Area,har,2021,1873.0,383.0,0.20448478376935397,33.0,21.0,0.6363636363636364,290000.0,310000.0,0.9310344827586207,342374.0,357043.0,0.957155040978579,336767.0,354365.0,0.9477442861087934,98.0,100.0,0.9795918367346939,61658a8bebdefe0008c83143,SingleFamilyResidence,4
Houston-Lake Conroe,har,2018,1804.0,,,133.0,,,245000.0,,,317620.0,,,298577.0,,,94.0,,,61658a8de6c2e10009a9cb96,SingleFamilyResidence,4
Houston-Lake Conroe,har,2019,1967.0,,,114.0,,,253000.0,,,343072.0,,,318297.0,,,93.0,,,61658a8de6c2e10009a9cb96,SingleFamilyResidence,4
Houston-Lake Conroe,har,2020,2517.0,1.0,0.0003972983710767153,103.0,10.0,0.09708737864077666,265000.0,219190.0,0.8271320754716981,352549.0,223190.0,0.6330751186359911,334993.0,219190.0,0.6543121796574853,95.0,98.0,0.968421052631579,61658a8de6c2e10009a9cb96,SingleFamilyResidence,4
Houston-Lake Conroe,har,2021,2746.0,688.0,0.2505462490895849,50.0,33.0,0.6599999999999999,299000.0,313500.0,0.9515050167224081,381815.0,390639.0,0.9768893312206173,374745.0,385433.0,0.9714792725720156,98.0,99.0,0.9897959183673469,61658a8de6c2e10009a9cb96,SingleFamilyResidence,4
Houston-League City,har,2018,1971.0,,,68.0,,,267000.0,,,300463.0,,,287729.0,,,96.0,,,61fc4941c0be1b0009f5d613,SingleFamilyResidence,4
Houston-League City,har,2019,2081.0,,,65.0,,,273000.0,,,315703.0,,,294816.0,,,93.0,,,61fc4941c0be1b0009f5d613,SingleFamilyResidence,4
Houston-League City,har,2020,2110.0,,,56.0,,,292700.0,,,332429.0,,,322075.0,,,97.0,,,61fc4941c0be1b0009f5d613,SingleFamilyResidence,4
Houston-League City,har,2021,2096.0,458.0,0.2185114503816794,29.0,22.0,0.7586206896551724,325000.0,335000.0,0.9692307692307692,366318.0,369839.0,0.9903881327152911,360421.0,371003.0,0.970639890572414,98.0,100.0,0.9795918367346939,61fc4941c0be1b0009f5d613,SingleFamilyResidence,4
Houston-Magnolia Area,har,2018,1038.0,,,111.0,,,289000.0,,,360722.0,,,341750.0,,,95.0,,,61fc49432bf027000912e80b,SingleFamilyResidence,4
Houston-Magnolia Area,har,2019,1120.0,,,105.0,,,294998.0,,,372809.0,,,353003.0,,,95.0,,,61fc49432bf027000912e80b,SingleFamilyResidence,4
Houston-Magnolia Area,har,2020,1418.0,,,84.0,,,315450.0,,,385976.0,,,371764.0,,,96.0,,,61fc49432bf027000912e80b,SingleFamilyResidence,4
Houston-Magnolia Area,har,2021,1588.0,402.0,0.25314861460957183,48.0,37.0,0.7708333333333334,337500.0,350000.0,0.962962962962963,439760.0,447245.0,0.9829793523740222,430794.0,443851.0,0.9696908499189868,98.0,99.0,0.9897959183673469,61fc49432bf027000912e80b,SingleFamilyResidence,4
Houston-Medical / Museum District Area,har,2018,261.0,,,111.0,,,690000.0,,,874985.0,,,814162.0,,,93.0,,,61c4a4cf3500d90008e083b8,SingleFamilyResidence,4
Houston-Medical / Museum District Area,har,2019,290.0,,,126.0,,,601250.0,,,840546.0,,,778435.0,,,93.0,,,61c4a4cf3500d90008e083b8,SingleFamilyResidence,4
Houston-Medical / Museum District Area,har,2020,368.0,,,124.0,,,530000.0,,,854995.0,,,798385.0,,,93.0,,,61c4a4cf3500d90008e083b8,SingleFamilyResidence,4
Houston-Medical / Museum District Area,har,2021,479.0,64.0,0.13361169102296455,96.0,51.0,0.53125,500000.0,399495.0,0.79899,809408.0,421989.0,0.5213551138609946,773699.0,414752.0,0.5360637664001117,96.0,98.0,0.9791666666666666,61c4a4cf3500d90008e083b8,SingleFamilyResidence,4
Houston-Memorial Close-In,har,2018,37.0,,,217.0,,,1930000.0,,,2424000.0,,,2089745.0,,,86.0,,,5d279e75f96e860001d9bf80,SingleFamilyResidence,4
Houston-Memorial Close-In,har,2019,22.0,,,151.0,,,1655000.0,,,2073814.0,,,1728435.0,,,83.0,,,5d279e75f96e860001d9bf80,SingleFamilyResidence,4
Houston-Memorial Close-In,har,2020,38.0,,,232.0,,,1652975.0,,,2518024.0,,,2242130.0,,,89.0,,,5d279e75f96e860001d9bf80,SingleFamilyResidence,4
Houston-Memorial Close-In,har,2021,46.0,15.0,0.32608695652173914,135.0,51.0,0.37777777777777777,2130000.0,2400000.0,0.8732394366197183,2523204.0,2747333.0,0.9111728580011763,2288331.0,2632560.0,0.8495720243269003,91.0,95.0,0.9560439560439561,5d279e75f96e860001d9bf80,SingleFamilyResidence,4
Houston-Memorial Park / Washington Corridor Area,har,2018,419.0,,,121.0,,,445000.0,,,572438.0,,,543458.0,,,95.0,,,61fc493d7617500009759641,SingleFamilyResidence,4
Houston-Memorial Park / Washington Corridor Area,har,2019,458.0,,,126.0,,,459950.0,,,562976.0,,,531268.0,,,94.0,,,61fc493d7617500009759641,SingleFamilyResidence,4
Houston-Memorial Park / Washington Corridor Area,har,2020,528.0,,,127.0,,,470000.0,,,578017.0,,,545308.0,,,94.0,,,61fc493d7617500009759641,SingleFamilyResidence,4
Houston-Memorial Park / Washington Corridor Area,har,2021,632.0,163.0,0.25791139240506333,82.0,42.0,0.5121951219512195,491000.0,482000.0,0.9816700610997964,632763.0,606340.0,0.9582418693886969,596457.0,591543.0,0.9917613507763342,94.0,98.0,0.9574468085106383,61fc493d7617500009759641,SingleFamilyResidence,4
Houston-Memorial Vilages,har,2018,267.0,,,122.0,,,1525000.0,,,1852601.0,,,1684903.0,,,91.0,,,5ff769eb232e91000825424a,SingleFamilyResidence,4
Houston-Memorial Vilages,har,2019,285.0,,,148.0,,,1500000.0,,,1812038.0,,,1656108.0,,,91.0,,,5ff769eb232e91000825424a,SingleFamilyResidence,4
Houston-Memorial Vilages,har,2020,262.0,,,158.0,,,1500000.0,,,1877339.0,,,1675025.0,,,89.0,,,5ff769eb232e91000825424a,SingleFamilyResidence,4
Houston-Memorial Vilages,har,2021,341.0,79.0,0.23167155425219943,114.0,56.0,0.49122807017543857,1600000.0,1875000.0,0.828125,1981254.0,2064523.0,0.9579715675021981,1829303.0,1951066.0,0.9334374895793643,92.0,95.0,0.967391304347826,5ff769eb232e91000825424a,SingleFamilyResidence,4
Houston-Memorial West,har,2018,450.0,,,107.0,,,628500.0,,,787185.0,,,716577.0,,,91.0,,,5ff7652e1058e80008c8ac7c,SingleFamilyResidence,4
Houston-Memorial West,har,2019,487.0,,,111.0,,,660000.0,,,821531.0,,,761620.0,,,93.0,,,5ff7652e1058e80008c8ac7c,SingleFamilyResidence,4
Houston-Memorial West,har,2020,499.0,,,119.0,,,726000.0,,,881606.0,,,827658.0,,,94.0,,,5ff7652e1058e80008c8ac7c,SingleFamilyResidence,4
Houston-Memorial West,har,2021,519.0,107.0,0.20616570327552985,97.0,41.0,0.4226804123711341,825000.0,822000.0,0.9963636363636363,1052033.0,1032826.0,0.9817429681388321,987243.0,1001112.0,0.985951786946071,94.0,97.0,0.9680851063829787,5ff7652e1058e80008c8ac7c,SingleFamilyResidence,4
Houston-Meyerland,har,2018,320.0,,,118.0,,,305000.0,,,454299.0,,,372393.0,,,82.0,,,61658aa4e6c2e10009a9cb98,SingleFamilyResidence,4
Houston-Meyerland,har,2019,205.0,,,161.0,,,351023.0,,,454523.0,,,414320.0,,,91.0,,,61658aa4e6c2e10009a9cb98,SingleFamilyResidence,4
Houston-Meyerland,har,2020,256.0,,,158.0,,,362500.0,,,445683.0,,,408461.0,,,92.0,,,61658aa4e6c2e10009a9cb98,SingleFamilyResidence,4
Houston-Meyerland,har,2021,330.0,72.0,0.21818181818181814,109.0,42.0,0.3853211009174312,420000.0,454950.0,0.9167857142857143,486212.0,534980.0,0.8996980740911372,463825.0,522913.0,0.8726071255322589,95.0,98.0,0.968421052631579,61658aa4e6c2e10009a9cb98,SingleFamilyResidence,4
Houston-North Cypress and Tomball,har,2018,2513.0,,,81.0,,,255000.0,,,310559.0,,,294981.0,,,95.0,,,61c4a4e7869f1a0008897822,SingleFamilyResidence,4
Houston-North Cypress and Tomball,har,2019,2699.0,1.0,0.0003705075954056891,80.0,0.0,0.0,270000.0,255875.0,0.9476851851851852,329569.0,255685.0,0.7758162934013818,313426.0,255875.0,0.816380900116774,95.0,100.0,0.9473684210526316,61c4a4e7869f1a0008897822,SingleFamilyResidence,4
Houston-North Cypress and Tomball,har,2020,2781.0,1.0,0.0003595828838547366,60.0,9.0,0.15000000000000002,282500.0,250000.0,0.8849557522123894,335254.0,248000.0,0.7397376317657657,323473.0,250000.0,0.772862031761538,96.0,101.0,0.9479166666666666,61c4a4e7869f1a0008897822,SingleFamilyResidence,4
Houston-North Cypress and Tomball,har,2021,2989.0,726.0,0.24289059886249587,26.0,25.0,0.9615384615384616,327000.0,344250.0,0.9472477064220184,384487.0,419444.0,0.9090814513884735,382301.0,418135.0,0.9062675745028133,99.0,100.0,0.98989898989899,61c4a4e7869f1a0008897822,SingleFamilyResidence,4
Houston-Oak Forest / Shepard Park Plaza Area,har,2018,688.0,,,84.0,,,368250.0,,,464438.0,,,438677.0,,,94.0,,,61c4a4cfc44fc10007351a80,SingleFamilyResidence,4
Houston-Oak Forest / Shepard Park Plaza Area,har,2019,723.0,1.0,0.0013831258644536604,80.0,50.0,0.625,385000.0,499900.0,0.7015584415584415,476427.0,499900.0,0.9507311718269535,455781.0,499900.0,0.9032013181769315,96.0,100.0,0.9583333333333334,61c4a4cfc44fc10007351a80,SingleFamilyResidence,4
Houston-Oak Forest / Shepard Park Plaza Area,har,2020,849.0,,,80.0,,,375000.0,,,502427.0,,,471723.0,,,94.0,,,61c4a4cfc44fc10007351a80,SingleFamilyResidence,4
Houston-Oak Forest / Shepard Park Plaza Area,har,2021,950.0,206.0,0.21684210526315795,59.0,38.0,0.6440677966101696,400000.0,409750.0,0.975625,508439.0,511538.0,0.993904873544319,495514.0,506224.0,0.978386079908943,97.0,99.0,0.979381443298969,61c4a4cfc44fc10007351a80,SingleFamilyResidence,4
Houston-Pearland,har,2018,2181.0,,,59.0,,,265000.0,,,290767.0,,,279241.0,,,96.0,,,6165de6aeeefc90008c103fb,SingleFamilyResidence,4
Houston-Pearland,har,2019,2042.0,,,64.0,,,270000.0,,,296617.0,,,284866.0,,,96.0,,,6165de6aeeefc90008c103fb,SingleFamilyResidence,4
Houston-Pearland,har,2020,2179.0,,,61.0,,,278000.0,,,302119.0,,,294434.0,,,97.0,,,6165de6aeeefc90008c103fb,SingleFamilyResidence,4
Houston-Pearland,har,2021,2150.0,519.0,0.24139534883720926,26.0,21.0,0.8076923076923077,323495.0,340000.0,0.9489791186880786,336278.0,355578.0,0.9426070096765177,338936.0,355589.0,0.9508668303160479,101.0,100.0,0.9900990099009901,6165de6aeeefc90008c103fb,SingleFamilyResidence,4
Houston-Porter / New Caney Area,har,2018,808.0,,,91.0,,,224450.0,,,248471.0,,,234941.0,,,95.0,,,61658ae79c1ab200087654f4,SingleFamilyResidence,4
Houston-Porter / New Caney Area,har,2019,917.0,,,94.0,,,225000.0,,,253464.0,,,238712.0,,,94.0,,,61658ae79c1ab200087654f4,SingleFamilyResidence,4
Houston-Porter / New Caney Area,har,2020,1187.0,,,93.0,,,228990.0,,,265789.0,,,253124.0,,,95.0,,,61658ae79c1ab200087654f4,SingleFamilyResidence,4
Houston-Porter / New Caney Area,har,2021,1350.0,322.0,0.23851851851851846,44.0,33.0,0.75,257000.0,274184.0,0.933136186770428,294703.0,313482.0,0.9362782190883703,289765.0,309622.0,0.9314720549410729,98.0,99.0,0.9897959183673469,61658ae79c1ab200087654f4,SingleFamilyResidence,4
Houston-River Oaks Area,har,2018,160.0,,,131.0,,,1870688.0,,,2395919.0,,,2158826.0,,,90.0,,,61fc493d578e93000961a216,SingleFamilyResidence,4
Houston-River Oaks Area,har,2019,153.0,,,146.0,,,1725000.0,,,2444446.0,,,2173031.0,,,89.0,,,61fc493d578e93000961a216,SingleFamilyResidence,4
Houston-River Oaks Area,har,2020,157.0,,,189.0,,,1740000.0,,,2532826.0,,,2254958.0,,,89.0,,,61fc493d578e93000961a216,SingleFamilyResidence,4
Houston-River Oaks Area,har,2021,232.0,69.0,0.2974137931034483,140.0,62.0,0.44285714285714284,2050000.0,1912250.0,0.9328048780487805,2613886.0,2020970.0,0.7731668481333922,2391810.0,1932264.0,0.8078668456106464,92.0,96.0,0.9565217391304348,61fc493d578e93000961a216,SingleFamilyResidence,4
Houston-River Oaks Proper,har,2018,81.0,,,140.0,,,2400000.0,,,3291122.0,,,2933505.0,,,89.0,,,61fc493d942b2d0009393baa,SingleFamilyResidence,4
Houston-River Oaks Proper,har,2019,68.0,,,154.0,,,2447125.0,,,3597706.0,,,3177127.0,,,88.0,,,61fc493d942b2d0009393baa,SingleFamilyResidence,4
Houston-River Oaks Proper,har,2020,67.0,,,240.0,,,2785000.0,,,3872575.0,,,3358382.0,,,87.0,,,61fc493d942b2d0009393baa,SingleFamilyResidence,4
Houston-River Oaks Proper,har,2021,102.0,21.0,0.20588235294117652,170.0,78.0,0.45882352941176474,2867500.0,2525000.0,0.8805579773321709,3800725.0,3153429.0,0.8296914404488618,3461320.0,2957297.0,0.8543841655784499,91.0,94.0,0.967032967032967,61fc493d942b2d0009393baa,SingleFamilyResidence,4
Houston-Spring Area,har,2018,4495.0,,,91.0,,,242000.0,,,290995.0,,,275624.0,,,95.0,,,61fc4949788805000988e13b,SingleFamilyResidence,4
Houston-Spring Area,har,2019,4869.0,1.0,0.00020538098172107055,78.0,39.0,0.5,252000.0,218000.0,0.8650793650793651,303243.0,224900.0,0.7416494362606887,288175.0,218000.0,0.7564847748763772,95.0,97.0,0.9789473684210527,61fc4949788805000988e13b,SingleFamilyResidence,4
Houston-Spring Area,har,2020,5261.0,2.0,0.00038015586390416356,64.0,103.0,0.390625,269500.0,255000.0,0.9461966604823747,320863.0,260450.0,0.811717150310257,308785.0,255000.0,0.8258173162556471,96.0,97.0,0.9895833333333334,61fc4949788805000988e13b,SingleFamilyResidence,4
Houston-Spring Area,har,2021,5409.0,1239.0,0.22906267332224073,30.0,20.0,0.6666666666666667,319000.0,335000.0,0.9498432601880877,367687.0,380520.0,0.9650980317498307,365896.0,379386.0,0.9631316002361326,100.0,100.0,1.0,61fc4949788805000988e13b,SingleFamilyResidence,4
Houston-Spring Branch,har,2018,1098.0,,,120.0,,,342000.0,,,440494.0,,,417392.0,,,95.0,,,61658b01ebdefe0008c83149,SingleFamilyResidence,4
Houston-Spring Branch,har,2019,1171.0,,,112.0,,,332995.0,,,429026.0,,,405102.0,,,94.0,,,61658b01ebdefe0008c83149,SingleFamilyResidence,4
Houston-Spring Branch,har,2020,1291.0,1.0,0.0007745933384972759,106.0,32.0,0.30188679245283023,343000.0,422900.0,0.7670553935860058,433642.0,422900.0,0.9752284142218697,408844.0,422900.0,0.9656201387326218,94.0,100.0,0.9361702127659575,61658b01ebdefe0008c83149,SingleFamilyResidence,4
Houston-Spring Branch,har,2021,1676.0,453.0,0.2702863961813843,82.0,51.0,0.6219512195121951,375000.0,380000.0,0.9866666666666667,459633.0,464082.0,0.9903205383425472,447249.0,454505.0,0.9837763751288432,97.0,98.0,0.9896907216494846,61658b01ebdefe0008c83149,SingleFamilyResidence,4
Houston-Tanglewood / Galleria Area,har,2018,266.0,,,156.0,,,842500.0,,,1154890.0,,,1041178.0,,,90.0,,,61fc49415590db0009dc1a79,SingleFamilyResidence,4
Houston-Tanglewood / Galleria Area,har,2019,298.0,,,175.0,,,915000.0,,,1341936.0,,,1226106.0,,,91.0,,,61fc49415590db0009dc1a79,SingleFamilyResidence,4
Houston-Tanglewood / Galleria Area,har,2020,268.0,,,175.0,,,900000.0,,,1260719.0,,,1150058.0,,,91.0,,,61fc49415590db0009dc1a79,SingleFamilyResidence,4
Houston-Tanglewood / Galleria Area,har,2021,460.0,117.0,0.2543478260869565,137.0,58.0,0.4233576642335767,869430.0,868860.0,0.9993443980538974,1219369.0,1155055.0,0.9472563268378973,1140777.0,1109633.0,0.972699309330395,94.0,96.0,0.9787234042553191,61fc49415590db0009dc1a79,SingleFamilyResidence,4
Houston-Tanglewood Proper,har,2018,45.0,,,148.0,,,1650000.0,,,2052487.0,,,1813004.0,,,88.0,,,61fc49418531bb0009abfff1,SingleFamilyResidence,4
Houston-Tanglewood Proper,har,2019,51.0,,,264.0,,,2039000.0,,,2548037.0,,,2297368.0,,,90.0,,,61fc49418531bb0009abfff1,SingleFamilyResidence,4
Houston-Tanglewood Proper,har,2020,52.0,,,172.0,,,1700000.0,,,2262413.0,,,1982270.0,,,88.0,,,61fc49418531bb0009abfff1,SingleFamilyResidence,4
Houston-Tanglewood Proper,har,2021,73.0,19.0,0.26027397260273977,151.0,82.0,0.543046357615894,1975000.0,1775000.0,0.8987341772151899,2295955.0,1968579.0,0.8574118395177606,2105706.0,1874015.0,0.8899699198273643,92.0,95.0,0.967391304347826,61fc49418531bb0009abfff1,SingleFamilyResidence,4
Houston-The Woodlands,har,2018,1940.0,,,97.0,,,378000.0,,,500413.0,,,473238.0,,,95.0,,,61fc49457617500009759642,SingleFamilyResidence,4
Houston-The Woodlands,har,2019,2187.0,,,91.0,,,372000.0,,,499304.0,,,469524.0,,,94.0,,,61fc49457617500009759642,SingleFamilyResidence,4
Houston-The Woodlands,har,2020,2359.0,,,78.0,,,410000.0,,,551288.0,,,521776.0,,,95.0,,,61fc49457617500009759642,SingleFamilyResidence,4
Houston-The Woodlands,har,2021,2750.0,567.0,0.20618181818181813,42.0,19.0,0.45238095238095233,480000.0,485000.0,0.9895833333333334,639806.0,656451.0,0.9739843014913896,628314.0,647612.0,0.9692860576081386,98.0,100.0,0.9795918367346939,61fc49457617500009759642,SingleFamilyResidence,4
Houston-West U / Southside,har,2018,290.0,,,91.0,,,1271230.0,,,1468403.0,,,1403903.0,,,96.0,,,5ff76825629f5700059873c9,SingleFamilyResidence,4
Houston-West U / Southside,har,2019,293.0,,,91.0,,,1261000.0,,,1470117.0,,,1389652.0,,,95.0,,,5ff76825629f5700059873c9,SingleFamilyResidence,4
Houston-West U / Southside,har,2020,270.0,,,116.0,,,1352270.0,,,1580178.0,,,1481655.0,,,94.0,,,5ff76825629f5700059873c9,SingleFamilyResidence,4
Houston-West U / Southside,har,2021,362.0,82.0,0.22651933701657456,85.0,45.0,0.5294117647058824,1345000.0,1450500.0,0.9215613382899628,1536473.0,1560674.0,0.9842489910333602,1471458.0,1521023.0,0.9663157222292448,96.0,98.0,0.9791666666666666,5ff76825629f5700059873c9,SingleFamilyResidence,4
Houston-Willow Meadows,har,2018,140.0,,,94.0,,,284500.0,,,348523.0,,,315786.0,,,91.0,,,61fc49428531bb0009abfff2,SingleFamilyResidence,4
Houston-Willow Meadows,har,2019,155.0,,,136.0,,,297000.0,,,351684.0,,,322572.0,,,92.0,,,61fc49428531bb0009abfff2,SingleFamilyResidence,4
Houston-Willow Meadows,har,2020,150.0,,,107.0,,,293100.0,,,341610.0,,,321044.0,,,94.0,,,61fc49428531bb0009abfff2,SingleFamilyResidence,4
Houston-Willow Meadows,har,2021,197.0,54.0,0.2741116751269036,56.0,36.0,0.6428571428571428,319000.0,326000.0,0.9780564263322884,380151.0,374623.0,0.9854584099476261,365640.0,367457.0,0.995030631221967,96.0,98.0,0.9791666666666666,61fc49428531bb0009abfff2,SingleFamilyResidence,4
Monterey-Monterey Peninsula-Big Sur,,2018,2.0,,,195.0,,,1618750.0,,,1847500.0,,,1618750.0,,,,,,5e75fb1c203b81749b82f200,SingleFamilyResidence,4
Monterey-Monterey Peninsula-Big Sur,,2019,1.0,,,277.0,,,649000.0,,,875000.0,,,649000.0,,,,,,5e75fb1c203b81749b82f200,SingleFamilyResidence,4
Monterey-Monterey Peninsula-Big Sur,,2020,7.0,,,139.0,,,2400000.0,,,4663429.0,,,4097143.0,,,,,,5e75fb1c203b81749b82f200,SingleFamilyResidence,4
Monterey-Monterey Peninsula-Big Sur,,2021,8.0,,,96.0,,,2225000.0,,,4619875.0,,,4144441.0,,,,,,5e75fb1c203b81749b82f200,SingleFamilyResidence,4
Monterey-Monterey Peninsula-Carmel,,2018,60.0,,,76.0,,,1596500.0,,,2373214.0,,,2177030.0,,,,,,5be621fefc1f295d612564fe,SingleFamilyResidence,4
Monterey-Monterey Peninsula-Carmel,,2019,62.0,,,80.0,,,1537500.0,,,2229287.0,,,1983686.0,,,,,,5be621fefc1f295d612564fe,SingleFamilyResidence,4
Monterey-Monterey Peninsula-Carmel,,2020,102.0,,,55.0,,,2190000.0,,,2913377.0,,,2762891.0,,,,,,5be621fefc1f295d612564fe,SingleFamilyResidence,4
Monterey-Monterey Peninsula-Carmel,,2021,71.0,,,39.0,,,3026000.0,,,3622604.0,,,3472667.0,,,,,,5be621fefc1f295d612564fe,SingleFamilyResidence,4
Monterey-Monterey Peninsula-Carmel Valley,,2018,52.0,,,70.0,,,926250.0,,,1237913.0,,,1143550.0,,,,,,5ad11e9d838d7400011465e2,SingleFamilyResidence,4
Monterey-Monterey Peninsula-Carmel Valley,,2019,57.0,,,97.0,,,955000.0,,,1714965.0,,,1524593.0,,,,,,5ad11e9d838d7400011465e2,SingleFamilyResidence,4
Monterey-Monterey Peninsula-Carmel Valley,,2020,74.0,,,51.0,,,1267500.0,,,1600303.0,,,1489799.0,,,,,,5ad11e9d838d7400011465e2,SingleFamilyResidence,4
Monterey-Monterey Peninsula-Carmel Valley,,2021,49.0,,,47.0,,,1725000.0,,,2241643.0,,,2116236.0,,,,,,5ad11e9d838d7400011465e2,SingleFamilyResidence,4
Monterey-Monterey Peninsula-Marina,,2018,61.0,,,48.0,,,719000.0,,,767138.0,,,723789.0,,,,,,5af87ee397c60e236c14c59b,SingleFamilyResidence,4
Monterey-Monterey Peninsula-Marina,,2019,65.0,,,77.0,,,685000.0,,,798112.0,,,749234.0,,,,,,5af87ee397c60e236c14c59b,SingleFamilyResidence,4
Monterey-Monterey Peninsula-Marina,,2020,86.0,,,25.0,,,828301.0,,,913624.0,,,884824.0,,,,,,5af87ee397c60e236c14c59b,SingleFamilyResidence,4
Monterey-Monterey Peninsula-Marina,,2021,56.0,,,29.0,,,1162500.0,,,1310661.0,,,1289382.0,,,,,,5af87ee397c60e236c14c59b,SingleFamilyResidence,4
Monterey-Monterey Peninsula-Monterey / Salinas Highway,,2018,38.0,,,56.0,,,832000.0,,,1058268.0,,,1004105.0,,,,,,61c9fa76335076000946a431,SingleFamilyResidence,4
Monterey-Monterey Peninsula-Monterey / Salinas Highway,,2019,42.0,,,66.0,,,831000.0,,,932402.0,,,869845.0,,,,,,61c9fa76335076000946a431,SingleFamilyResidence,4
Monterey-Monterey Peninsula-Monterey / Salinas Highway,,2020,88.0,,,46.0,,,1060000.0,,,1295611.0,,,1242147.0,,,,,,61c9fa76335076000946a431,SingleFamilyResidence,4
Monterey-Monterey Peninsula-Monterey / Salinas Highway,,2021,50.0,,,43.0,,,1282500.0,,,1671240.0,,,1612027.0,,,,,,61c9fa76335076000946a431,SingleFamilyResidence,4
Monterey-Monterey Peninsula-Pacific Grove,,2018,40.0,,,56.0,,,950000.0,,,1284311.0,,,1203034.0,,,,,,5be62215fc1f295d61256524,SingleFamilyResidence,4
Monterey-Monterey Peninsula-Pacific Grove,,2019,48.0,,,62.0,,,1087250.0,,,1268004.0,,,1202497.0,,,,,,5be62215fc1f295d61256524,SingleFamilyResidence,4
Monterey-Monterey Peninsula-Pacific Grove,,2020,63.0,,,44.0,,,1108000.0,,,1328492.0,,,1301476.0,,,,,,5be62215fc1f295d61256524,SingleFamilyResidence,4
Monterey-Monterey Peninsula-Pacific Grove,,2021,44.0,,,29.0,,,1300000.0,,,1681134.0,,,1602634.0,,,,,,5be62215fc1f295d61256524,SingleFamilyResidence,4
Monterey-Monterey Peninsula-Pebble Beach,,2018,26.0,,,139.0,,,1496950.0,,,2093442.0,,,1843958.0,,,,,,5e760158203b81749b82f32c,SingleFamilyResidence,4
Monterey-Monterey Peninsula-Pebble Beach,,2019,36.0,,,128.0,,,2062500.0,,,4650414.0,,,3638903.0,,,,,,5e760158203b81749b82f32c,SingleFamilyResidence,4
Monterey-Monterey Peninsula-Pebble Beach,,2020,56.0,,,53.0,,,2187500.0,,,3527411.0,,,3290579.0,,,,,,5e760158203b81749b82f32c,SingleFamilyResidence,4
Monterey-Monterey Peninsula-Pebble Beach,,2021,36.0,,,45.0,,,2662500.0,,,4933417.0,,,4217804.0,,,,,,5e760158203b81749b82f32c,SingleFamilyResidence,4
NYC-All NYC-Downtown,,2020,714.0,,,,,,,,,,,,2295000.0,,,,,,5c2e1da1ce62d600016c26b0,SingleFamilyResidence,4
NYC-All NYC-Downtown,,2021,1310.0,,,,,,,,,,,,1920000.0,,,,,,5c2e1da1ce62d600016c26b0,SingleFamilyResidence,4
NYC-All NYC-FiDi / Battery Park,,2020,93.0,,,,,,,,,,,,1485000.0,,,,,,5c2e34dbac67c40001145f74,SingleFamilyResidence,4
NYC-All NYC-FiDi / Battery Park,,2021,230.0,,,,,,,,,,,,1295000.0,,,,,,5c2e34dbac67c40001145f74,SingleFamilyResidence,4
NYC-All NYC-Midtown,,2020,250.0,,,,,,,,,,,,1294500.0,,,,,,56699b2edd4700202391b03a,SingleFamilyResidence,4
NYC-All NYC-Midtown,,2021,598.0,,,,,,,,,,,,1203500.0,,,,,,56699b2edd4700202391b03a,SingleFamilyResidence,4
NYC-All NYC-New York,,2021,4047.0,,,112.0,,,,,,,,,2000000.0,,,,,,5afa1ed3435ebd270db32556,SingleFamilyResidence,4
NYC-All NYC-Upper East Side,,2020,493.0,,,,,,,,,,,,1865000.0,,,,,,56699b55dd4700202391bc65,SingleFamilyResidence,4
NYC-All NYC-Upper East Side,,2021,911.0,,,,,,,,,,,,2140000.0,,,,,,56699b55dd4700202391bc65,SingleFamilyResidence,4
NYC-All NYC-Upper West Side,,2020,410.0,,,,,,,,,,,,2275000.0,,,,,,56699b2edd4700202391b03d,SingleFamilyResidence,4
NYC-All NYC-Upper West Side,,2021,676.0,,,,,,,,,,,,2155000.0,,,,,,56699b2edd4700202391b03d,SingleFamilyResidence,4
NYC-All NYC-Uptown,,2020,178.0,,,,,,,,,,,,871000.0,,,,,,5c2e2f3cac67c40001145f73,SingleFamilyResidence,4
NYC-All NYC-Uptown,,2021,322.0,,,,,,,,,,,,905000.0,,,,,,5c2e2f3cac67c40001145f73,SingleFamilyResidence,4
Pasadena-Altadena,,2018,92.0,,,40.0,,,836900.0,,,,,,971585.0,,,,,,5e54246f09747e0001033b9c,SingleFamilyResidence,4
Pasadena-Altadena,,2019,95.0,,,36.0,,,854000.0,,,,,,1035835.0,,,,,,5e54246f09747e0001033b9c,SingleFamilyResidence,4
Pasadena-Altadena,,2020,90.0,,,28.0,,,969450.0,,,,,,1129689.0,,,,,,5e54246f09747e0001033b9c,SingleFamilyResidence,4
Pasadena-Altadena,,2021,91.0,,,23.0,,,1175000.0,,,,,,1272996.0,,,,,,5e54246f09747e0001033b9c,SingleFamilyResidence,4
Pasadena-Arcadia,,2018,77.0,,,61.0,,,1200000.0,,,,,,1651347.0,,,,,,5e54246fc278a80001d14ae7,SingleFamilyResidence,4
Pasadena-Arcadia,,2019,101.0,,,67.0,,,1250000.0,,,,,,1626017.0,,,,,,5e54246fc278a80001d14ae7,SingleFamilyResidence,4
Pasadena-Arcadia,,2020,96.0,,,43.0,,,1274000.0,,,,,,1550553.0,,,,,,5e54246fc278a80001d14ae7,SingleFamilyResidence,4
Pasadena-Arcadia,,2021,112.0,,,38.0,,,1590000.0,,,,,,1856059.0,,,,,,5e54246fc278a80001d14ae7,SingleFamilyResidence,4
Pasadena-Glendale,,2018,113.0,,,45.0,,,1040000.0,,,,,,1109680.0,,,,,,5e542479fba6a10001ca7987,SingleFamilyResidence,4
Pasadena-Glendale,,2019,129.0,,,43.0,,,1035000.0,,,,,,1093424.0,,,,,,5e542479fba6a10001ca7987,SingleFamilyResidence,4
Pasadena-Glendale,,2020,135.0,,,32.0,,,1125000.0,,,,,,1212224.0,,,,,,5e542479fba6a10001ca7987,SingleFamilyResidence,4
Pasadena-Glendale,,2021,150.0,,,25.0,,,1294444.0,,,,,,1414165.0,,,,,,5e542479fba6a10001ca7987,SingleFamilyResidence,4
Pasadena-La Canada Flintridge,,2018,60.0,,,54.0,,,1637500.0,,,,,,1972675.0,,,,,,5e54247bebb8790001c7a5bf,SingleFamilyResidence,4
Pasadena-La Canada Flintridge,,2019,61.0,,,59.0,,,1900000.0,,,,,,2018815.0,,,,,,5e54247bebb8790001c7a5bf,SingleFamilyResidence,4
Pasadena-La Canada Flintridge,,2020,79.0,,,45.0,,,1895000.0,,,,,,2393738.0,,,,,,5e54247bebb8790001c7a5bf,SingleFamilyResidence,4
Pasadena-La Canada Flintridge,,2021,71.0,,,43.0,,,2265000.0,,,,,,2751878.0,,,,,,5e54247bebb8790001c7a5bf,SingleFamilyResidence,4
Pasadena-Pasadena,,2018,199.0,,,43.0,,,950000.0,,,,,,1382149.0,,,,,,5a1ee69e3e8deb6c7853b399,SingleFamilyResidence,4
Pasadena-Pasadena,,2019,224.0,,,53.0,,,1060000.0,,,,,,1288401.0,,,,,,5a1ee69e3e8deb6c7853b399,SingleFamilyResidence,4
Pasadena-Pasadena,,2020,249.0,,,34.0,,,1195000.0,,,,,,1572143.0,,,,,,5a1ee69e3e8deb6c7853b399,SingleFamilyResidence,4
Pasadena-Pasadena,,2021,219.0,,,28.0,,,1390000.0,,,,,,1731579.0,,,,,,5a1ee69e3e8deb6c7853b399,SingleFamilyResidence,4
Pasadena-San Gabriel,,2018,60.0,,,49.0,,,762500.0,,,,,,868460.0,,,,,,5af87d1097c60e236c14c4f7,SingleFamilyResidence,4
Pasadena-San Gabriel,,2019,79.0,,,37.0,,,788000.0,,,,,,836676.0,,,,,,5af87d1097c60e236c14c4f7,SingleFamilyResidence,4
Pasadena-San Gabriel,,2020,60.0,,,26.0,,,859000.0,,,,,,947973.0,,,,,,5af87d1097c60e236c14c4f7,SingleFamilyResidence,4
Pasadena-San Gabriel,,2021,72.0,,,21.0,,,1052500.0,,,,,,1133575.0,,,,,,5af87d1097c60e236c14c4f7,SingleFamilyResidence,4
Pasadena-San Marino,,2018,25.0,,,65.0,,,2138000.0,,,,,,2392178.0,,,,,,5e5424859e4df90001782925,SingleFamilyResidence,4
Pasadena-San Marino,,2019,16.0,,,66.0,,,2400000.0,,,,,,2828813.0,,,,,,5e5424859e4df90001782925,SingleFamilyResidence,4
Pasadena-San Marino,,2020,30.0,,,56.0,,,2293444.0,,,,,,2777953.0,,,,,,5e5424859e4df90001782925,SingleFamilyResidence,4
Pasadena-San Marino,,2021,42.0,,,42.0,,,2527500.0,,,,,,2751933.0,,,,,,5e5424859e4df90001782925,SingleFamilyResidence,4
Pasadena-Sierra Madre,,2018,18.0,,,36.0,,,945000.0,,,,,,1058335.0,,,,,,5e54248627e0e90001ead8ea,SingleFamilyResidence,4
Pasadena-Sierra Madre,,2019,26.0,,,46.0,,,962500.0,,,,,,1142742.0,,,,,,5e54248627e0e90001ead8ea,SingleFamilyResidence,4
Pasadena-Sierra Madre,,2020,35.0,,,28.0,,,1248000.0,,,,,,1191680.0,,,,,,5e54248627e0e90001ead8ea,SingleFamilyResidence,4
Pasadena-Sierra Madre,,2021,33.0,,,15.0,,,1451000.0,,,,,,1502689.0,,,,,,5e54248627e0e90001ead8ea,SingleFamilyResidence,4
Pasadena-South Pasadena,,2018,21.0,,,41.0,,,1195000.0,,,,,,1176727.0,,,,,,5e542486ebb8790001c7a5c6,SingleFamilyResidence,4
Pasadena-South Pasadena,,2019,30.0,,,41.0,,,1291000.0,,,,,,1354618.0,,,,,,5e542486ebb8790001c7a5c6,SingleFamilyResidence,4
Pasadena-South Pasadena,,2020,16.0,,,38.0,,,1695000.0,,,,,,1851750.0,,,,,,5e542486ebb8790001c7a5c6,SingleFamilyResidence,4
Pasadena-South Pasadena,,2021,37.0,,,28.0,,,1609000.0,,,,,,1738749.0,,,,,,5e542486ebb8790001c7a5c6,SingleFamilyResidence,4
Pasadena-Sparr Heights / La Crescenta / Montrose,,2021,82.0,,,23.0,,,1200000.0,,,,,,1236306.0,,,,,,5e54247b09747e0001033ba4,SingleFamilyResidence,4
Sonoma - Napa Wine Country-Napa County,mlslistings,2018,279.0,,,99.0,,,,,,,,,1100000.0,,,,,,5af87f4d97c60e236c14c5c1,SingleFamilyResidence,4
Sonoma - Napa Wine Country-Napa County,mlslistings,2019,276.0,,,110.0,,,,,,,,,1000000.0,,,,,,5af87f4d97c60e236c14c5c1,SingleFamilyResidence,4
Sonoma - Napa Wine Country-Napa County,mlslistings,2020,352.0,1.0,0.0028409090909090606,103.0,1.0,0.009708737864077666,,1340000.0,,,1349000.0,,1200000.0,1340000.0,0.8833333333333333,,99.0,,5af87f4d97c60e236c14c5c1,SingleFamilyResidence,4
Sonoma - Napa Wine Country-Napa County,mlslistings,2021,338.0,,,91.0,,,,,,,,,1300000.0,,,,,,5af87f4d97c60e236c14c5c1,SingleFamilyResidence,4
Sonoma - Napa Wine Country-Sonoma County,mlslistings,2018,1041.0,,,98.0,,,,,,,,,780000.0,,,,,,608aafd5c074ce0009c88670,SingleFamilyResidence,4
Sonoma - Napa Wine Country-Sonoma County,mlslistings,2019,1022.0,1.0,0.0009784735812132794,101.0,4.0,0.03960396039603964,,489000.0,,,510000.0,,788000.0,489000.0,0.6205583756345178,,96.0,,608aafd5c074ce0009c88670,SingleFamilyResidence,4
Sonoma - Napa Wine Country-Sonoma County,mlslistings,2020,1259.0,,,86.0,,,,,,,,,896000.0,,,,,,608aafd5c074ce0009c88670,SingleFamilyResidence,4
Sonoma - Napa Wine Country-Sonoma County,mlslistings,2021,1352.0,1.0,0.0007396449704142327,86.0,0.0,0.0,,789000.0,,,789000.0,,969000.0,789000.0,0.8142414860681114,,100.0,,608aafd5c074ce0009c88670,SingleFamilyResidence,4
